timestamp,participant_ID,experimenter_ID_code,experimenter_ASGS_total_score,laboratory_ID_code,sitePI_ASGS_total_score,session_type,consent_screen_answer,refused_to_answer_sexual_orientation_question,age,sex,final_consent,ESP_Q_item_1,ESP_Q_item_2,ESP_Q_item_3,SS_Q_item_1,SS_Q_item_2,trial_number,guessed_side,target_side,reward_type,sides_match,trial_type,available_trial_type,in_lab
ec5afa51775021171830f9fe191cf132392a9bdf9d4098b7f73f6dca81235b64 Mozilla/5.0 (Windows NT 10.0; Win64; x64; rv:70.0) Gecko/20100101 Firefox/70.0,a44479d8-ecf7-44a8-a073-098f20c4f712,08ff307e6d5d21d350fe794ad83f8dcfc4222419bb8287f613d5b1f7b039e82e,11,19ead6243e9f206c9a7705fe53a83e9652ed8cbb4d7ec99ac93532bb2510185c,11,online,yes,NA,NA,NA,NA,NA,NA,NA,NA,NA,NA,NA,NA,NA,NA,NA,4,0
"117e4fa5b19d9f042d2d827ae384773d884c922aa53fd26c3d641273d84beb93 Mozilla/5.0 (Windows NT 10.0; Win64; x64) AppleWebKit/537.36 (KHTML, like Gecko) Chrome/87.0.4280.141 Safari/537.36",322732b9-b4ab-4e89-ba0f-4cc8195e7820,60ebda8d7c2a468911061ac54b777ac1bbc6a96db422afd3e0c630eca82d5574,12,ac7b8cd1d60ddda8655187a1669b3dee9163863c55064de0bced8eb4e489a9d2,12,online,NA,NA,NA,NA,NA,NA,NA,NA,NA,NA,NA,NA,NA,NA,NA,NA,1,0
35c4447530b9b9ab167749ad8a3abdc7d5ca01453dec9e8b0c45575e4cae763c Mozilla/5.0 (Windows NT 10.0; Win64; x64; rv:70.0) Gecko/20100101 Firefox/70.0,a44479d8-ecf7-44a8-a073-098f20c4f712,08ff307e6d5d21d350fe794ad83f8dcfc4222419bb8287f613d5b1f7b039e82e,11,19ead6243e9f206c9a7705fe53a83e9652ed8cbb4d7ec99ac93532bb2510185c,11,online,yes,no,30-44,Female,NA,NA,NA,NA,NA,NA,NA,NA,NA,NA,NA,NA,4,0
"f95e66e8132005b61161e8d9fa829d1c5fdde4928d9261faa1343f6601a5ad65 Mozilla/5.0 (Windows NT 10.0; Win64; x64) AppleWebKit/537.36 (KHTML, like Gecko) Chrome/87.0.4280.141 Safari/537.36",322732b9-b4ab-4e89-ba0f-4cc8195e7820,60ebda8d7c2a468911061ac54b777ac1bbc6a96db422afd3e0c630eca82d5574,12,ac7b8cd1d60ddda8655187a1669b3dee9163863c55064de0bced8eb4e489a9d2,12,online,no,NA,NA,NA,NA,NA,NA,NA,NA,NA,NA,NA,NA,NA,NA,NA,1,0
4aa967100baf86b5a2244b37b14ee554383c78317a6ba20028ed9e287e955cde Mozilla/5.0 (Windows NT 10.0; Win64; x64; rv:70.0) Gecko/20100101 Firefox/70.0,a44479d8-ecf7-44a8-a073-098f20c4f712,08ff307e6d5d21d350fe794ad83f8dcfc4222419bb8287f613d5b1f7b039e82e,11,19ead6243e9f206c9a7705fe53a83e9652ed8cbb4d7ec99ac93532bb2510185c,11,online,yes,no,30-44,Female,yes,Don’t know,Don't know,Occasionally,NA,NA,NA,NA,NA,NA,NA,NA,4,0
1386c592d78899e7a4053872b845664969699a058bb2a1eca9d2e4a731818763 Mozilla/5.0 (Windows NT 10.0; Win64; x64; rv:70.0) Gecko/20100101 Firefox/70.0,a44479d8-ecf7-44a8-a073-098f20c4f712,08ff307e6d5d21d350fe794ad83f8dcfc4222419bb8287f613d5b1f7b039e82e,11,19ead6243e9f206c9a7705fe53a83e9652ed8cbb4d7ec99ac93532bb2510185c,11,online,yes,no,30-44,Female,yes,Don’t know,Don't know,Occasionally,between true and untrue,untrue,NA,NA,NA,NA,NA,NA,4,0
"010ea7ec08c6909d83f5203ae9d700abc631b9005c6bc07e5677a55628afd9a0 Mozilla/5.0 (Windows NT 10.0; WOW64) AppleWebKit/537.36 (KHTML, like Gecko) Chrome/87.0.4280.141 Safari/537.36 OPR/73.0.3856.344",deb03f0f-a1de-4443-a386-9b5bf481595a,08ff307e6d5d21d350fe794ad83f8dcfc4222419bb8287f613d5b1f7b039e82e,11,19ead6243e9f206c9a7705fe53a83e9652ed8cbb4d7ec99ac93532bb2510185c,11,online,NA,NA,NA,NA,NA,NA,NA,NA,NA,NA,NA,NA,NA,NA,NA,NA,4,0
"d6a238bced834d9004a8d77d308e8cb922903d8c7915e1231d48171ebe0e5e01 Mozilla/5.0 (Windows NT 10.0; Win64; x64) AppleWebKit/537.36 (KHTML, like Gecko) Chrome/87.0.4280.141 Safari/537.36 Edg/87.0.664.75",0122e19c-001b-48a5-88c4-9a9f8de66f06,60ebda8d7c2a468911061ac54b777ac1bbc6a96db422afd3e0c630eca82d5574,12,ac7b8cd1d60ddda8655187a1669b3dee9163863c55064de0bced8eb4e489a9d2,12,online,NA,NA,NA,NA,NA,NA,NA,NA,NA,NA,NA,NA,NA,NA,NA,NA,1,0
"8aae46bb1fa7d2979b14a5dcfedfa3a9c0260f0407230da26738716b1c2f7a51 Mozilla/5.0 (Windows NT 10.0; Win64; x64) AppleWebKit/537.36 (KHTML, like Gecko) Chrome/87.0.4280.141 Safari/537.36 Edg/87.0.664.75",0122e19c-001b-48a5-88c4-9a9f8de66f06,60ebda8d7c2a468911061ac54b777ac1bbc6a96db422afd3e0c630eca82d5574,12,ac7b8cd1d60ddda8655187a1669b3dee9163863c55064de0bced8eb4e489a9d2,12,online,yes,NA,NA,NA,NA,NA,NA,NA,NA,NA,NA,NA,NA,NA,NA,NA,1,0
"f1743294e96c99018263ddbba33c0d248f9546712d7edae7fc3c6257f1546388 Mozilla/5.0 (Windows NT 10.0; Win64; x64) AppleWebKit/537.36 (KHTML, like Gecko) Chrome/87.0.4280.141 Safari/537.36 Edg/87.0.664.75",0122e19c-001b-48a5-88c4-9a9f8de66f06,60ebda8d7c2a468911061ac54b777ac1bbc6a96db422afd3e0c630eca82d5574,12,ac7b8cd1d60ddda8655187a1669b3dee9163863c55064de0bced8eb4e489a9d2,12,online,yes,no,45-59,Female,NA,NA,NA,NA,NA,NA,NA,NA,NA,NA,NA,NA,1,0
"a61c77df09cb834a4ec91f2a23c78130b42f5377737a75aef6335a1fcef2fb56 Mozilla/5.0 (Windows NT 10.0; Win64; x64) AppleWebKit/537.36 (KHTML, like Gecko) Chrome/87.0.4280.141 Safari/537.36 Edg/87.0.664.75",0122e19c-001b-48a5-88c4-9a9f8de66f06,60ebda8d7c2a468911061ac54b777ac1bbc6a96db422afd3e0c630eca82d5574,12,ac7b8cd1d60ddda8655187a1669b3dee9163863c55064de0bced8eb4e489a9d2,12,online,yes,no,45-59,Female,yes,Definitely does,Definitely yes,Regularly in the past,NA,NA,NA,NA,NA,NA,NA,NA,1,0
1f359d10f02358abe71881ced93b8b9ac85616acf45245eea58d4c90ca52961d Mozilla/5.0 (Windows NT 10.0; Win64; x64; rv:84.0) Gecko/20100101 Firefox/84.0,fd90d3a0-2f62-4299-a0c6-e5a5a2aa1492,60ebda8d7c2a468911061ac54b777ac1bbc6a96db422afd3e0c630eca82d5574,12,ac7b8cd1d60ddda8655187a1669b3dee9163863c55064de0bced8eb4e489a9d2,12,online,NA,NA,NA,NA,NA,NA,NA,NA,NA,NA,NA,NA,NA,NA,NA,NA,1,0
0c707904f0a2cda943150b2b433b0226978be389029ef16e0de57c773d3cc199 Mozilla/5.0 (Windows NT 10.0; Win64; x64; rv:84.0) Gecko/20100101 Firefox/84.0,aab2f6c8-1522-435c-83a2-362669afaf09,60ebda8d7c2a468911061ac54b777ac1bbc6a96db422afd3e0c630eca82d5574,12,ac7b8cd1d60ddda8655187a1669b3dee9163863c55064de0bced8eb4e489a9d2,12,online,NA,NA,NA,NA,NA,NA,NA,NA,NA,NA,NA,NA,NA,NA,NA,NA,1,0
aa5a11debb457fbc0f62a32ab5225f83ff790086433eb14c4d566b0fc6356616 Mozilla/5.0 (Windows NT 10.0; Win64; x64; rv:84.0) Gecko/20100101 Firefox/84.0,fd90d3a0-2f62-4299-a0c6-e5a5a2aa1492,60ebda8d7c2a468911061ac54b777ac1bbc6a96db422afd3e0c630eca82d5574,12,ac7b8cd1d60ddda8655187a1669b3dee9163863c55064de0bced8eb4e489a9d2,12,online,no,NA,NA,NA,NA,NA,NA,NA,NA,NA,NA,NA,NA,NA,NA,NA,1,0
"4e5667aabf55c27238fa9b403600281005ff6060010c56ba3fbca991fef28b84 Mozilla/5.0 (Windows NT 10.0; Win64; x64) AppleWebKit/537.36 (KHTML, like Gecko) Chrome/87.0.4280.141 Safari/537.36 Edg/87.0.664.75",0122e19c-001b-48a5-88c4-9a9f8de66f06,60ebda8d7c2a468911061ac54b777ac1bbc6a96db422afd3e0c630eca82d5574,12,ac7b8cd1d60ddda8655187a1669b3dee9163863c55064de0bced8eb4e489a9d2,12,online,yes,no,45-59,Female,yes,Definitely does,Definitely yes,Regularly in the past,true,very untrue,NA,NA,NA,NA,NA,NA,1,0
61545865ad3e556b779f75056757114dffdb677ec7ea836ec6a7856506148771 Mozilla/5.0 (Windows NT 10.0; Win64; x64; rv:70.0) Gecko/20100101 Firefox/70.0,a44479d8-ecf7-44a8-a073-098f20c4f712,08ff307e6d5d21d350fe794ad83f8dcfc4222419bb8287f613d5b1f7b039e82e,11,19ead6243e9f206c9a7705fe53a83e9652ed8cbb4d7ec99ac93532bb2510185c,11,online,yes,no,30-44,Female,yes,Don’t know,Don't know,Occasionally,between true and untrue,untrue,1,right,right,erotic,true,sh,4,0
"829a7f851bf22fcc4935293995c175abb0b5c88a551eb0000a5c12617d95773d Mozilla/5.0 (Windows NT 6.1; Win64; x64) AppleWebKit/537.36 (KHTML, like Gecko) Chrome/87.0.4280.141 Safari/537.36 Edg/87.0.664.75",e85f740f-10eb-47e9-8834-9e0647ea2669,60ebda8d7c2a468911061ac54b777ac1bbc6a96db422afd3e0c630eca82d5574,12,ac7b8cd1d60ddda8655187a1669b3dee9163863c55064de0bced8eb4e489a9d2,12,online,NA,NA,NA,NA,NA,NA,NA,NA,NA,NA,NA,NA,NA,NA,NA,NA,1,0
2691a8e086001f045173d9ecaab1fb917b89a8f05bd770d5295ab8d83f59ed70 Mozilla/5.0 (Windows NT 10.0; Win64; x64; rv:70.0) Gecko/20100101 Firefox/70.0,a44479d8-ecf7-44a8-a073-098f20c4f712,08ff307e6d5d21d350fe794ad83f8dcfc4222419bb8287f613d5b1f7b039e82e,11,19ead6243e9f206c9a7705fe53a83e9652ed8cbb4d7ec99ac93532bb2510185c,11,online,yes,no,30-44,Female,yes,Don’t know,Don't know,Occasionally,between true and untrue,untrue,2,left,right,erotic,false,sh,4,0
5596be1d65d73289a8c439ae255bbb8e422baedb02356e8852486e742088add4 Mozilla/5.0 (Windows NT 10.0; Win64; x64; rv:70.0) Gecko/20100101 Firefox/70.0,a44479d8-ecf7-44a8-a073-098f20c4f712,08ff307e6d5d21d350fe794ad83f8dcfc4222419bb8287f613d5b1f7b039e82e,11,19ead6243e9f206c9a7705fe53a83e9652ed8cbb4d7ec99ac93532bb2510185c,11,online,yes,no,30-44,Female,yes,Don’t know,Don't know,Occasionally,between true and untrue,untrue,3,left,left,erotic,true,sh,4,0
a72173142e0395b1a284915d01e7f1c98e199ed1d44abaf321ebbe53bc786f36 Mozilla/5.0 (Windows NT 10.0; Win64; x64; rv:70.0) Gecko/20100101 Firefox/70.0,a44479d8-ecf7-44a8-a073-098f20c4f712,08ff307e6d5d21d350fe794ad83f8dcfc4222419bb8287f613d5b1f7b039e82e,11,19ead6243e9f206c9a7705fe53a83e9652ed8cbb4d7ec99ac93532bb2510185c,11,online,yes,no,30-44,Female,yes,Don’t know,Don't know,Occasionally,between true and untrue,untrue,4,right,left,neutral,false,t,4,0
7a4e887987963c4e82babf38ddc3897145d156763a7a5d523cac479ecf83021c Mozilla/5.0 (Windows NT 10.0; Win64; x64; rv:70.0) Gecko/20100101 Firefox/70.0,a44479d8-ecf7-44a8-a073-098f20c4f712,08ff307e6d5d21d350fe794ad83f8dcfc4222419bb8287f613d5b1f7b039e82e,11,19ead6243e9f206c9a7705fe53a83e9652ed8cbb4d7ec99ac93532bb2510185c,11,online,yes,no,30-44,Female,yes,Don’t know,Don't know,Occasionally,between true and untrue,untrue,5,right,left,erotic,false,sh,4,0
62c6c61df45ea5005aa524e22b59c26f3980a89a97b5c9f73016bcb20c6104c9 Mozilla/5.0 (Windows NT 10.0; Win64; x64; rv:70.0) Gecko/20100101 Firefox/70.0,a44479d8-ecf7-44a8-a073-098f20c4f712,08ff307e6d5d21d350fe794ad83f8dcfc4222419bb8287f613d5b1f7b039e82e,11,19ead6243e9f206c9a7705fe53a83e9652ed8cbb4d7ec99ac93532bb2510185c,11,online,yes,no,30-44,Female,yes,Don’t know,Don't know,Occasionally,between true and untrue,untrue,6,left,right,erotic,false,sh,4,0
4f9986928d5d6f88aff04ff8d2668f4ee1aab99a505d95dad958b3972e4487c1 Mozilla/5.0 (Windows NT 10.0; Win64; x64; rv:70.0) Gecko/20100101 Firefox/70.0,a44479d8-ecf7-44a8-a073-098f20c4f712,08ff307e6d5d21d350fe794ad83f8dcfc4222419bb8287f613d5b1f7b039e82e,11,19ead6243e9f206c9a7705fe53a83e9652ed8cbb4d7ec99ac93532bb2510185c,11,online,yes,no,30-44,Female,yes,Don’t know,Don't know,Occasionally,between true and untrue,untrue,7,right,right,erotic,true,t,4,0
eaf8a662eec0eead8ca43a3b17bb67da6dbe7782e95b6df3d06c82a0a9e28dc8 Mozilla/5.0 (Windows NT 10.0; Win64; x64; rv:70.0) Gecko/20100101 Firefox/70.0,a44479d8-ecf7-44a8-a073-098f20c4f712,08ff307e6d5d21d350fe794ad83f8dcfc4222419bb8287f613d5b1f7b039e82e,11,19ead6243e9f206c9a7705fe53a83e9652ed8cbb4d7ec99ac93532bb2510185c,11,online,yes,no,30-44,Female,yes,Don’t know,Don't know,Occasionally,between true and untrue,untrue,8,right,left,neutral,false,t,4,0
63738c959add58cc51697241f5635244ad222aba7adf91844f7bff017ef36901 Mozilla/5.0 (Windows NT 10.0; Win64; x64; rv:70.0) Gecko/20100101 Firefox/70.0,a44479d8-ecf7-44a8-a073-098f20c4f712,08ff307e6d5d21d350fe794ad83f8dcfc4222419bb8287f613d5b1f7b039e82e,11,19ead6243e9f206c9a7705fe53a83e9652ed8cbb4d7ec99ac93532bb2510185c,11,online,yes,no,30-44,Female,yes,Don’t know,Don't know,Occasionally,between true and untrue,untrue,9,right,left,neutral,false,sh,4,0
5a42ccbad8d5ce2b0888abd2fc9b29f8f3e67ad3ba87bb91e89e0f4ab979e085 Mozilla/5.0 (Windows NT 10.0; Win64; x64; rv:70.0) Gecko/20100101 Firefox/70.0,a44479d8-ecf7-44a8-a073-098f20c4f712,08ff307e6d5d21d350fe794ad83f8dcfc4222419bb8287f613d5b1f7b039e82e,11,19ead6243e9f206c9a7705fe53a83e9652ed8cbb4d7ec99ac93532bb2510185c,11,online,yes,no,30-44,Female,yes,Don’t know,Don't know,Occasionally,between true and untrue,untrue,10,right,left,neutral,false,t,4,0
ba182c84ccd3c5bbd803dca197c765d962b72b261ff17486eafc8fba0350163b Mozilla/5.0 (Windows NT 10.0; Win64; x64; rv:70.0) Gecko/20100101 Firefox/70.0,a44479d8-ecf7-44a8-a073-098f20c4f712,08ff307e6d5d21d350fe794ad83f8dcfc4222419bb8287f613d5b1f7b039e82e,11,19ead6243e9f206c9a7705fe53a83e9652ed8cbb4d7ec99ac93532bb2510185c,11,online,yes,no,30-44,Female,yes,Don’t know,Don't know,Occasionally,between true and untrue,untrue,11,left,right,neutral,false,t,4,0
4b029beaf45e8a7ad6c46fb12ef2c23ad8a3bdce8480504966d3e600a1edbe23 Mozilla/5.0 (Windows NT 10.0; Win64; x64; rv:70.0) Gecko/20100101 Firefox/70.0,a44479d8-ecf7-44a8-a073-098f20c4f712,08ff307e6d5d21d350fe794ad83f8dcfc4222419bb8287f613d5b1f7b039e82e,11,19ead6243e9f206c9a7705fe53a83e9652ed8cbb4d7ec99ac93532bb2510185c,11,online,yes,no,30-44,Female,yes,Don’t know,Don't know,Occasionally,between true and untrue,untrue,12,left,left,neutral,true,t,4,0
7ec0d6f1e7b872fc75e08a2ec283a7db4574af2eb310f58a6590462531724ba7 Mozilla/5.0 (Windows NT 10.0; Win64; x64; rv:70.0) Gecko/20100101 Firefox/70.0,a44479d8-ecf7-44a8-a073-098f20c4f712,08ff307e6d5d21d350fe794ad83f8dcfc4222419bb8287f613d5b1f7b039e82e,11,19ead6243e9f206c9a7705fe53a83e9652ed8cbb4d7ec99ac93532bb2510185c,11,online,yes,no,30-44,Female,yes,Don’t know,Don't know,Occasionally,between true and untrue,untrue,13,left,right,neutral,false,sh,4,0
54e2f9ab005e30d2c75168e9b707aace3f531525552dc27aa0627a67d95f83bb Mozilla/5.0 (Windows NT 10.0; Win64; x64; rv:70.0) Gecko/20100101 Firefox/70.0,a44479d8-ecf7-44a8-a073-098f20c4f712,08ff307e6d5d21d350fe794ad83f8dcfc4222419bb8287f613d5b1f7b039e82e,11,19ead6243e9f206c9a7705fe53a83e9652ed8cbb4d7ec99ac93532bb2510185c,11,online,yes,no,30-44,Female,yes,Don’t know,Don't know,Occasionally,between true and untrue,untrue,14,left,right,erotic,false,sh,4,0
"5cc844f2d113d88b7d7a244bc1618444c92479a02e308fcf8c1dd6c2b8f931b0 Mozilla/5.0 (Windows NT 10.0; Win64; x64) AppleWebKit/537.36 (KHTML, like Gecko) Chrome/87.0.4280.141 Safari/537.36",909296a7-a1d1-4414-956f-c670399fc9e6,08ff307e6d5d21d350fe794ad83f8dcfc4222419bb8287f613d5b1f7b039e82e,11,19ead6243e9f206c9a7705fe53a83e9652ed8cbb4d7ec99ac93532bb2510185c,11,online,NA,NA,NA,NA,NA,NA,NA,NA,NA,NA,NA,NA,NA,NA,NA,NA,4,0
ae5e95c14b5b84528eeffb5482b339f76c207ef7d6c2e9f56c2fb7adaa97c6ab Mozilla/5.0 (Windows NT 10.0; Win64; x64; rv:70.0) Gecko/20100101 Firefox/70.0,a44479d8-ecf7-44a8-a073-098f20c4f712,08ff307e6d5d21d350fe794ad83f8dcfc4222419bb8287f613d5b1f7b039e82e,11,19ead6243e9f206c9a7705fe53a83e9652ed8cbb4d7ec99ac93532bb2510185c,11,online,yes,no,30-44,Female,yes,Don’t know,Don't know,Occasionally,between true and untrue,untrue,15,left,left,neutral,true,sh,4,0
"a4ad28adaa3d7833e1d16bccfd76e4c28bee897e746ac206e533a5d00b0c920f Mozilla/5.0 (Windows NT 6.1; Win64; x64) AppleWebKit/537.36 (KHTML, like Gecko) Chrome/87.0.4280.141 Safari/537.36 Edg/87.0.664.75",e85f740f-10eb-47e9-8834-9e0647ea2669,60ebda8d7c2a468911061ac54b777ac1bbc6a96db422afd3e0c630eca82d5574,12,ac7b8cd1d60ddda8655187a1669b3dee9163863c55064de0bced8eb4e489a9d2,12,online,yes,NA,NA,NA,NA,NA,NA,NA,NA,NA,NA,NA,NA,NA,NA,NA,1,0
0f1fa112be1cd213b3cc4d0e991699282925e8f7c053f31334ca178e87ed31b1 Mozilla/5.0 (Windows NT 10.0; Win64; x64; rv:70.0) Gecko/20100101 Firefox/70.0,a44479d8-ecf7-44a8-a073-098f20c4f712,08ff307e6d5d21d350fe794ad83f8dcfc4222419bb8287f613d5b1f7b039e82e,11,19ead6243e9f206c9a7705fe53a83e9652ed8cbb4d7ec99ac93532bb2510185c,11,online,yes,no,30-44,Female,yes,Don’t know,Don't know,Occasionally,between true and untrue,untrue,16,left,right,neutral,false,sh,4,0
"0f1fa112be1cd213b3cc4d0e991699282925e8f7c053f31334ca178e87ed31b1 Mozilla/5.0 (Windows NT 10.0; Win64; x64) AppleWebKit/537.36 (KHTML, like Gecko) Chrome/87.0.4280.141 Safari/537.36",909296a7-a1d1-4414-956f-c670399fc9e6,08ff307e6d5d21d350fe794ad83f8dcfc4222419bb8287f613d5b1f7b039e82e,11,19ead6243e9f206c9a7705fe53a83e9652ed8cbb4d7ec99ac93532bb2510185c,11,online,yes,NA,NA,NA,NA,NA,NA,NA,NA,NA,NA,NA,NA,NA,NA,NA,4,0
e7762de720ff2af8d6b881be46d1aec2e921c0e3116557b8e0092868651d0ef9 Mozilla/5.0 (Windows NT 10.0; Win64; x64; rv:70.0) Gecko/20100101 Firefox/70.0,a44479d8-ecf7-44a8-a073-098f20c4f712,08ff307e6d5d21d350fe794ad83f8dcfc4222419bb8287f613d5b1f7b039e82e,11,19ead6243e9f206c9a7705fe53a83e9652ed8cbb4d7ec99ac93532bb2510185c,11,online,yes,no,30-44,Female,yes,Don’t know,Don't know,Occasionally,between true and untrue,untrue,17,right,left,erotic,false,t,4,0
"e2faabf9b9bbd213be40f4110cd2ea28dac597406c2eea134f93a746b6afae9c Mozilla/5.0 (Windows NT 10.0; Win64; x64) AppleWebKit/537.36 (KHTML, like Gecko) Chrome/87.0.4280.141 Safari/537.36",909296a7-a1d1-4414-956f-c670399fc9e6,08ff307e6d5d21d350fe794ad83f8dcfc4222419bb8287f613d5b1f7b039e82e,11,19ead6243e9f206c9a7705fe53a83e9652ed8cbb4d7ec99ac93532bb2510185c,11,online,yes,no,45-59,Male,NA,NA,NA,NA,NA,NA,NA,NA,NA,NA,NA,NA,4,0
df81211eea86733dfbaf0139d1ab18e9c7a2da5b24c0743e9bc2cfe3d14a4c63 Mozilla/5.0 (Windows NT 10.0; Win64; x64; rv:70.0) Gecko/20100101 Firefox/70.0,a44479d8-ecf7-44a8-a073-098f20c4f712,08ff307e6d5d21d350fe794ad83f8dcfc4222419bb8287f613d5b1f7b039e82e,11,19ead6243e9f206c9a7705fe53a83e9652ed8cbb4d7ec99ac93532bb2510185c,11,online,yes,no,30-44,Female,yes,Don’t know,Don't know,Occasionally,between true and untrue,untrue,18,right,left,neutral,false,t,4,0
eae5c49b2f00ebd5a946e156027fa8ae158e1c9d4356c71de9c0f1f7a110bbed Mozilla/5.0 (Windows NT 10.0; Win64; x64; rv:70.0) Gecko/20100101 Firefox/70.0,a44479d8-ecf7-44a8-a073-098f20c4f712,08ff307e6d5d21d350fe794ad83f8dcfc4222419bb8287f613d5b1f7b039e82e,11,19ead6243e9f206c9a7705fe53a83e9652ed8cbb4d7ec99ac93532bb2510185c,11,online,yes,no,30-44,Female,yes,Don’t know,Don't know,Occasionally,between true and untrue,untrue,19,left,right,neutral,false,sh,4,0
8bccfe0535a5a877bac7c11137ff2b023960aa11c18e0bc3397d34702002111d Mozilla/5.0 (Windows NT 10.0; Win64; x64; rv:70.0) Gecko/20100101 Firefox/70.0,a44479d8-ecf7-44a8-a073-098f20c4f712,08ff307e6d5d21d350fe794ad83f8dcfc4222419bb8287f613d5b1f7b039e82e,11,19ead6243e9f206c9a7705fe53a83e9652ed8cbb4d7ec99ac93532bb2510185c,11,online,yes,no,30-44,Female,yes,Don’t know,Don't know,Occasionally,between true and untrue,untrue,20,left,left,erotic,true,sh,4,0
c3bf391aeb726c6a831219047f30bcef5ff388a7e8884610a9c0c166f5ffe8b0 Mozilla/5.0 (Windows NT 10.0; Win64; x64; rv:70.0) Gecko/20100101 Firefox/70.0,a44479d8-ecf7-44a8-a073-098f20c4f712,08ff307e6d5d21d350fe794ad83f8dcfc4222419bb8287f613d5b1f7b039e82e,11,19ead6243e9f206c9a7705fe53a83e9652ed8cbb4d7ec99ac93532bb2510185c,11,online,yes,no,30-44,Female,yes,Don’t know,Don't know,Occasionally,between true and untrue,untrue,21,right,right,erotic,true,t,4,0
456ade605e9e4dcd209c284489c20d9ab73e8d8017372ca48c709d06b2b6100c Mozilla/5.0 (Windows NT 10.0; Win64; x64; rv:70.0) Gecko/20100101 Firefox/70.0,a44479d8-ecf7-44a8-a073-098f20c4f712,08ff307e6d5d21d350fe794ad83f8dcfc4222419bb8287f613d5b1f7b039e82e,11,19ead6243e9f206c9a7705fe53a83e9652ed8cbb4d7ec99ac93532bb2510185c,11,online,yes,no,30-44,Female,yes,Don’t know,Don't know,Occasionally,between true and untrue,untrue,22,right,left,neutral,false,sh,4,0
f0f711000d35bc63690552c7e17e5a838e04d35a3e7968def3f9af5ef99b5e7b Mozilla/5.0 (Windows NT 10.0; Win64; x64; rv:70.0) Gecko/20100101 Firefox/70.0,a44479d8-ecf7-44a8-a073-098f20c4f712,08ff307e6d5d21d350fe794ad83f8dcfc4222419bb8287f613d5b1f7b039e82e,11,19ead6243e9f206c9a7705fe53a83e9652ed8cbb4d7ec99ac93532bb2510185c,11,online,yes,no,30-44,Female,yes,Don’t know,Don't know,Occasionally,between true and untrue,untrue,23,left,left,neutral,true,t,4,0
13a197c43eb271a4fc6fff8f13376eaae6e49058538504df3624625c75367e40 Mozilla/5.0 (Windows NT 10.0; Win64; x64; rv:70.0) Gecko/20100101 Firefox/70.0,a44479d8-ecf7-44a8-a073-098f20c4f712,08ff307e6d5d21d350fe794ad83f8dcfc4222419bb8287f613d5b1f7b039e82e,11,19ead6243e9f206c9a7705fe53a83e9652ed8cbb4d7ec99ac93532bb2510185c,11,online,yes,no,30-44,Female,yes,Don’t know,Don't know,Occasionally,between true and untrue,untrue,24,left,right,neutral,false,sh,4,0
18b26a69d87ee86c8136f456567eb6dd17d173003c135c924cbd208f36fda72b Mozilla/5.0 (Windows NT 10.0; Win64; x64; rv:70.0) Gecko/20100101 Firefox/70.0,a44479d8-ecf7-44a8-a073-098f20c4f712,08ff307e6d5d21d350fe794ad83f8dcfc4222419bb8287f613d5b1f7b039e82e,11,19ead6243e9f206c9a7705fe53a83e9652ed8cbb4d7ec99ac93532bb2510185c,11,online,yes,no,30-44,Female,yes,Don’t know,Don't know,Occasionally,between true and untrue,untrue,25,right,left,neutral,false,sh,4,0
ebc4903e52eb9027d8666d78b4b71ad756ea02dca2aad505ea4e5edfd068f355 Mozilla/5.0 (Windows NT 10.0; Win64; x64; rv:70.0) Gecko/20100101 Firefox/70.0,a44479d8-ecf7-44a8-a073-098f20c4f712,08ff307e6d5d21d350fe794ad83f8dcfc4222419bb8287f613d5b1f7b039e82e,11,19ead6243e9f206c9a7705fe53a83e9652ed8cbb4d7ec99ac93532bb2510185c,11,online,yes,no,30-44,Female,yes,Don’t know,Don't know,Occasionally,between true and untrue,untrue,26,left,left,neutral,true,t,4,0
fc117e5e8a30c03358b4da6ed439ca9399f0987450f3bf3f901988050f6f19a4 Mozilla/5.0 (Windows NT 10.0; Win64; x64; rv:84.0) Gecko/20100101 Firefox/84.0,3bd078c1-1f8b-463c-98ed-e892110a87ff,60ebda8d7c2a468911061ac54b777ac1bbc6a96db422afd3e0c630eca82d5574,12,ac7b8cd1d60ddda8655187a1669b3dee9163863c55064de0bced8eb4e489a9d2,12,online,NA,NA,NA,NA,NA,NA,NA,NA,NA,NA,NA,NA,NA,NA,NA,NA,1,0
519da6ce6b01e06f6dfd26dc057587f574bd328e46618032069960211e2968a7 Mozilla/5.0 (Windows NT 10.0; Win64; x64; rv:70.0) Gecko/20100101 Firefox/70.0,a44479d8-ecf7-44a8-a073-098f20c4f712,08ff307e6d5d21d350fe794ad83f8dcfc4222419bb8287f613d5b1f7b039e82e,11,19ead6243e9f206c9a7705fe53a83e9652ed8cbb4d7ec99ac93532bb2510185c,11,online,yes,no,30-44,Female,yes,Don’t know,Don't know,Occasionally,between true and untrue,untrue,27,right,left,erotic,false,t,4,0
18d2064e1c9f817d9bfd4786dd42945ec835784f22db78053ee1b7170c1170db Mozilla/5.0 (Windows NT 10.0; Win64; x64; rv:70.0) Gecko/20100101 Firefox/70.0,a44479d8-ecf7-44a8-a073-098f20c4f712,08ff307e6d5d21d350fe794ad83f8dcfc4222419bb8287f613d5b1f7b039e82e,11,19ead6243e9f206c9a7705fe53a83e9652ed8cbb4d7ec99ac93532bb2510185c,11,online,yes,no,30-44,Female,yes,Don’t know,Don't know,Occasionally,between true and untrue,untrue,28,right,left,erotic,false,t,4,0
ca32a4d19554544575d597a763a6fd5690f37ec00344aa9c6f1a6ffda832515f Mozilla/5.0 (Windows NT 10.0; Win64; x64; rv:70.0) Gecko/20100101 Firefox/70.0,a44479d8-ecf7-44a8-a073-098f20c4f712,08ff307e6d5d21d350fe794ad83f8dcfc4222419bb8287f613d5b1f7b039e82e,11,19ead6243e9f206c9a7705fe53a83e9652ed8cbb4d7ec99ac93532bb2510185c,11,online,yes,no,30-44,Female,yes,Don’t know,Don't know,Occasionally,between true and untrue,untrue,29,right,right,erotic,true,t,4,0
8e5a7d4540d4c2008f43861fb9e06b8534e7babc8d6d54225a21718608db6128 Mozilla/5.0 (Windows NT 10.0; Win64; x64; rv:70.0) Gecko/20100101 Firefox/70.0,a44479d8-ecf7-44a8-a073-098f20c4f712,08ff307e6d5d21d350fe794ad83f8dcfc4222419bb8287f613d5b1f7b039e82e,11,19ead6243e9f206c9a7705fe53a83e9652ed8cbb4d7ec99ac93532bb2510185c,11,online,yes,no,30-44,Female,yes,Don’t know,Don't know,Occasionally,between true and untrue,untrue,30,left,left,erotic,true,t,4,0
"c82a00c19fae235694b29dd00baeea95cef83fd2d6d40728fae01c71b652afc5 Mozilla/5.0 (Macintosh; Intel Mac OS X 10_14_6) AppleWebKit/605.1.15 (KHTML, like Gecko) Version/12.1.2 Safari/605.1.15",88c1550e-5760-4cc5-9b73-d451309d9c2d,08ff307e6d5d21d350fe794ad83f8dcfc4222419bb8287f613d5b1f7b039e82e,11,19ead6243e9f206c9a7705fe53a83e9652ed8cbb4d7ec99ac93532bb2510185c,11,online,NA,NA,NA,NA,NA,NA,NA,NA,NA,NA,NA,NA,NA,NA,NA,NA,4,0
0ffe152d32aeaa544bd7e6b5215f83e4fc59c7e809e6ede51e01b4516b5c5eed Mozilla/5.0 (Windows NT 10.0; Win64; x64; rv:84.0) Gecko/20100101 Firefox/84.0,3bd078c1-1f8b-463c-98ed-e892110a87ff,60ebda8d7c2a468911061ac54b777ac1bbc6a96db422afd3e0c630eca82d5574,12,ac7b8cd1d60ddda8655187a1669b3dee9163863c55064de0bced8eb4e489a9d2,12,online,yes,NA,NA,NA,NA,NA,NA,NA,NA,NA,NA,NA,NA,NA,NA,NA,1,0
b77f499306927c73891bfd54be11c849c6bf21f30af69cad2b0ae1a09e2c509c Mozilla/5.0 (Windows NT 10.0; Win64; x64; rv:70.0) Gecko/20100101 Firefox/70.0,a44479d8-ecf7-44a8-a073-098f20c4f712,08ff307e6d5d21d350fe794ad83f8dcfc4222419bb8287f613d5b1f7b039e82e,11,19ead6243e9f206c9a7705fe53a83e9652ed8cbb4d7ec99ac93532bb2510185c,11,online,yes,no,30-44,Female,yes,Don’t know,Don't know,Occasionally,between true and untrue,untrue,31,left,right,erotic,false,sh,4,0
"227ae6a3b438b36cee8666b05320b847098a62f8de4f5419957913734e7a7269 Mozilla/5.0 (Macintosh; Intel Mac OS X 10_14_6) AppleWebKit/605.1.15 (KHTML, like Gecko) Version/12.1.2 Safari/605.1.15",88c1550e-5760-4cc5-9b73-d451309d9c2d,08ff307e6d5d21d350fe794ad83f8dcfc4222419bb8287f613d5b1f7b039e82e,11,19ead6243e9f206c9a7705fe53a83e9652ed8cbb4d7ec99ac93532bb2510185c,11,online,yes,NA,NA,NA,NA,NA,NA,NA,NA,NA,NA,NA,NA,NA,NA,NA,4,0
b406138d45c3dc80879c920060a4fb139f81dd18f3be363fb3d88396de7a3ef4 Mozilla/5.0 (Windows NT 10.0; Win64; x64; rv:70.0) Gecko/20100101 Firefox/70.0,a44479d8-ecf7-44a8-a073-098f20c4f712,08ff307e6d5d21d350fe794ad83f8dcfc4222419bb8287f613d5b1f7b039e82e,11,19ead6243e9f206c9a7705fe53a83e9652ed8cbb4d7ec99ac93532bb2510185c,11,online,yes,no,30-44,Female,yes,Don’t know,Don't know,Occasionally,between true and untrue,untrue,32,right,left,erotic,false,t,4,0
"e9109be98eee5927df024279be627cc2eb484074173b20bfb288a2456b422a55 Mozilla/5.0 (Macintosh; Intel Mac OS X 10_14_6) AppleWebKit/605.1.15 (KHTML, like Gecko) Version/12.1.2 Safari/605.1.15",88c1550e-5760-4cc5-9b73-d451309d9c2d,08ff307e6d5d21d350fe794ad83f8dcfc4222419bb8287f613d5b1f7b039e82e,11,19ead6243e9f206c9a7705fe53a83e9652ed8cbb4d7ec99ac93532bb2510185c,11,online,yes,no,18-29,Female,NA,NA,NA,NA,NA,NA,NA,NA,NA,NA,NA,NA,4,0
078876ee8f693edd255e6ddf53d76ce45542ed1014c63c238e81781ade8ab8df Mozilla/5.0 (Windows NT 10.0; Win64; x64; rv:70.0) Gecko/20100101 Firefox/70.0,a44479d8-ecf7-44a8-a073-098f20c4f712,08ff307e6d5d21d350fe794ad83f8dcfc4222419bb8287f613d5b1f7b039e82e,11,19ead6243e9f206c9a7705fe53a83e9652ed8cbb4d7ec99ac93532bb2510185c,11,online,yes,no,30-44,Female,yes,Don’t know,Don't know,Occasionally,between true and untrue,untrue,33,left,left,erotic,true,t,4,0
cadc91ee7be57f7eaf0561e4ceeb9efdad53562613c236a36e2abb92e08d1c3f Mozilla/5.0 (Windows NT 10.0; Win64; x64; rv:84.0) Gecko/20100101 Firefox/84.0,3bd078c1-1f8b-463c-98ed-e892110a87ff,60ebda8d7c2a468911061ac54b777ac1bbc6a96db422afd3e0c630eca82d5574,12,ac7b8cd1d60ddda8655187a1669b3dee9163863c55064de0bced8eb4e489a9d2,12,online,yes,no,60+,Female,NA,NA,NA,NA,NA,NA,NA,NA,NA,NA,NA,NA,1,0
"4a101dec66c543bb6952553ea9af04f791db927f485d4b2c7c6612fa56b9fc60 Mozilla/5.0 (Windows NT 6.1; Win64; x64) AppleWebKit/537.36 (KHTML, like Gecko) Chrome/87.0.4280.141 Safari/537.36 Edg/87.0.664.75",e85f740f-10eb-47e9-8834-9e0647ea2669,60ebda8d7c2a468911061ac54b777ac1bbc6a96db422afd3e0c630eca82d5574,12,ac7b8cd1d60ddda8655187a1669b3dee9163863c55064de0bced8eb4e489a9d2,12,online,yes,no,30-44,Female,NA,NA,NA,NA,NA,NA,NA,NA,NA,NA,NA,NA,1,0
59e407503571e540e8a977884df4d3ecee73782e7d761ca07a1d79df548dedda Mozilla/5.0 (Windows NT 10.0; Win64; x64; rv:70.0) Gecko/20100101 Firefox/70.0,a44479d8-ecf7-44a8-a073-098f20c4f712,08ff307e6d5d21d350fe794ad83f8dcfc4222419bb8287f613d5b1f7b039e82e,11,19ead6243e9f206c9a7705fe53a83e9652ed8cbb4d7ec99ac93532bb2510185c,11,online,yes,no,30-44,Female,yes,Don’t know,Don't know,Occasionally,between true and untrue,untrue,34,right,right,neutral,true,t,4,0
3ce16da268814ab8fa28b581e15a77e346a4935e843df48938ab333705acdb1c Mozilla/5.0 (Windows NT 10.0; Win64; x64; rv:70.0) Gecko/20100101 Firefox/70.0,a44479d8-ecf7-44a8-a073-098f20c4f712,08ff307e6d5d21d350fe794ad83f8dcfc4222419bb8287f613d5b1f7b039e82e,11,19ead6243e9f206c9a7705fe53a83e9652ed8cbb4d7ec99ac93532bb2510185c,11,online,yes,no,30-44,Female,yes,Don’t know,Don't know,Occasionally,between true and untrue,untrue,35,right,right,neutral,true,sh,4,0
"83d50387a28e8b35c54faf8de08e7d8b4efcc9ad6e468ae22210cecb1afd6f5b Mozilla/5.0 (Macintosh; Intel Mac OS X 10_14_6) AppleWebKit/605.1.15 (KHTML, like Gecko) Version/12.1.2 Safari/605.1.15",88c1550e-5760-4cc5-9b73-d451309d9c2d,08ff307e6d5d21d350fe794ad83f8dcfc4222419bb8287f613d5b1f7b039e82e,11,19ead6243e9f206c9a7705fe53a83e9652ed8cbb4d7ec99ac93532bb2510185c,11,online,yes,no,18-29,Female,yes,Don’t know,Don't know,Occasionally,NA,NA,NA,NA,NA,NA,NA,NA,4,0
f60932129d536e362cec1e547b49b746852a04be3ec38416a29a9adf5dc5e143 Mozilla/5.0 (Windows NT 10.0; Win64; x64; rv:84.0) Gecko/20100101 Firefox/84.0,2be5d3fc-a3a7-48c4-8f05-5b7c7cca03b7,08ff307e6d5d21d350fe794ad83f8dcfc4222419bb8287f613d5b1f7b039e82e,11,19ead6243e9f206c9a7705fe53a83e9652ed8cbb4d7ec99ac93532bb2510185c,11,online,NA,NA,NA,NA,NA,NA,NA,NA,NA,NA,NA,NA,NA,NA,NA,NA,4,0
7b6129cbf8e51c40ba8809c6336c5ac24228b7d46ece7730a1928f3987e68adc Mozilla/5.0 (Windows NT 10.0; Win64; x64; rv:70.0) Gecko/20100101 Firefox/70.0,a44479d8-ecf7-44a8-a073-098f20c4f712,08ff307e6d5d21d350fe794ad83f8dcfc4222419bb8287f613d5b1f7b039e82e,11,19ead6243e9f206c9a7705fe53a83e9652ed8cbb4d7ec99ac93532bb2510185c,11,online,yes,no,30-44,Female,yes,Don’t know,Don't know,Occasionally,between true and untrue,untrue,36,left,right,erotic,false,sh,4,0
"7b6129cbf8e51c40ba8809c6336c5ac24228b7d46ece7730a1928f3987e68adc Mozilla/5.0 (Windows NT 10.0; Win64; x64) AppleWebKit/537.36 (KHTML, like Gecko) Chrome/87.0.4280.141 Safari/537.36 Edg/87.0.664.75",0122e19c-001b-48a5-88c4-9a9f8de66f06,60ebda8d7c2a468911061ac54b777ac1bbc6a96db422afd3e0c630eca82d5574,12,ac7b8cd1d60ddda8655187a1669b3dee9163863c55064de0bced8eb4e489a9d2,12,online,yes,no,45-59,Female,yes,Definitely does,Definitely yes,Regularly in the past,true,very untrue,1,left,right,erotic,false,t,1,0
"575cbd2330eed0e634e9c5034dc34abf58bb0eb459dab613b46a8efe18506fba Mozilla/5.0 (Windows NT 10.0; Win64; x64) AppleWebKit/537.36 (KHTML, like Gecko) Chrome/87.0.4280.141 Safari/537.36 Edg/87.0.664.75",0122e19c-001b-48a5-88c4-9a9f8de66f06,60ebda8d7c2a468911061ac54b777ac1bbc6a96db422afd3e0c630eca82d5574,12,ac7b8cd1d60ddda8655187a1669b3dee9163863c55064de0bced8eb4e489a9d2,12,online,yes,no,45-59,Female,yes,Definitely does,Definitely yes,Regularly in the past,true,very untrue,2,left,left,neutral,true,t,1,0
e23a022e163c5711f0bc18dae9e76a2b326b91b2cf372d7cec1da42681c02f10 Mozilla/5.0 (Windows NT 10.0; Win64; x64; rv:84.0) Gecko/20100101 Firefox/84.0,2be5d3fc-a3a7-48c4-8f05-5b7c7cca03b7,08ff307e6d5d21d350fe794ad83f8dcfc4222419bb8287f613d5b1f7b039e82e,11,19ead6243e9f206c9a7705fe53a83e9652ed8cbb4d7ec99ac93532bb2510185c,11,online,yes,NA,NA,NA,NA,NA,NA,NA,NA,NA,NA,NA,NA,NA,NA,NA,4,0
77594aa823946b7151ea5b3c1b14bf8700858eaa16670533340a3890005e8c3b Mozilla/5.0 (Windows NT 10.0; Win64; x64; rv:84.0) Gecko/20100101 Firefox/84.0,3bd078c1-1f8b-463c-98ed-e892110a87ff,60ebda8d7c2a468911061ac54b777ac1bbc6a96db422afd3e0c630eca82d5574,12,ac7b8cd1d60ddda8655187a1669b3dee9163863c55064de0bced8eb4e489a9d2,12,online,yes,no,60+,Female,no,NA,NA,NA,NA,NA,NA,NA,NA,NA,NA,NA,1,0
"1e7969b7b37d3a631623670429fa717d87c6a7e94137f8f65bc1f444ff56ebaf Mozilla/5.0 (Windows NT 10.0; Win64; x64) AppleWebKit/537.36 (KHTML, like Gecko) Chrome/87.0.4280.141 Safari/537.36 Edg/87.0.664.75",0122e19c-001b-48a5-88c4-9a9f8de66f06,60ebda8d7c2a468911061ac54b777ac1bbc6a96db422afd3e0c630eca82d5574,12,ac7b8cd1d60ddda8655187a1669b3dee9163863c55064de0bced8eb4e489a9d2,12,online,yes,no,45-59,Female,yes,Definitely does,Definitely yes,Regularly in the past,true,very untrue,3,right,right,neutral,true,t,1,0
"994cc91cb477955a90fdfff6fd1907625e64551e906ffaf56cb21fcc47a161a9 Mozilla/5.0 (Macintosh; Intel Mac OS X 10_14_6) AppleWebKit/605.1.15 (KHTML, like Gecko) Version/12.1.2 Safari/605.1.15",88c1550e-5760-4cc5-9b73-d451309d9c2d,08ff307e6d5d21d350fe794ad83f8dcfc4222419bb8287f613d5b1f7b039e82e,11,19ead6243e9f206c9a7705fe53a83e9652ed8cbb4d7ec99ac93532bb2510185c,11,online,yes,no,18-29,Female,yes,Don’t know,Don't know,Occasionally,true,between true and untrue,NA,NA,NA,NA,NA,NA,4,0
89b3051bd3cab9eb2198313ff2094ac548099ee13db20fe964153d9e71c55c86 Mozilla/5.0 (Windows NT 10.0; Win64; x64; rv:84.0) Gecko/20100101 Firefox/84.0,2be5d3fc-a3a7-48c4-8f05-5b7c7cca03b7,08ff307e6d5d21d350fe794ad83f8dcfc4222419bb8287f613d5b1f7b039e82e,11,19ead6243e9f206c9a7705fe53a83e9652ed8cbb4d7ec99ac93532bb2510185c,11,online,yes,no,45-59,Male,NA,NA,NA,NA,NA,NA,NA,NA,NA,NA,NA,NA,4,0
"b7fcca80cd3dd7b2d8ab697e94d0fbabbcd8573e8ccf755b0c856fab1238e93c Mozilla/5.0 (Windows NT 10.0; Win64; x64) AppleWebKit/537.36 (KHTML, like Gecko) Chrome/87.0.4280.141 Safari/537.36 Edg/87.0.664.75",0122e19c-001b-48a5-88c4-9a9f8de66f06,60ebda8d7c2a468911061ac54b777ac1bbc6a96db422afd3e0c630eca82d5574,12,ac7b8cd1d60ddda8655187a1669b3dee9163863c55064de0bced8eb4e489a9d2,12,online,yes,no,45-59,Female,yes,Definitely does,Definitely yes,Regularly in the past,true,very untrue,4,left,left,erotic,true,t,1,0
"f16fa3c0635abe3c2365f66e2f0fad0b4226a3299c7073956b58e366581e4207 Mozilla/5.0 (Windows NT 10.0; Win64; x64) AppleWebKit/537.36 (KHTML, like Gecko) Chrome/87.0.4280.141 Safari/537.36 Edg/87.0.664.75",0122e19c-001b-48a5-88c4-9a9f8de66f06,60ebda8d7c2a468911061ac54b777ac1bbc6a96db422afd3e0c630eca82d5574,12,ac7b8cd1d60ddda8655187a1669b3dee9163863c55064de0bced8eb4e489a9d2,12,online,yes,no,45-59,Female,yes,Definitely does,Definitely yes,Regularly in the past,true,very untrue,5,right,right,neutral,true,t,1,0
"c95f1935af41ff9f2d187a1754a16ef5e3ef377b1cbe2aa2d7df1701e286ab1d Mozilla/5.0 (Windows NT 10.0; Win64; x64) AppleWebKit/537.36 (KHTML, like Gecko) Chrome/87.0.4280.141 Safari/537.36",47bb8411-fe15-4264-994f-249d360da322,08ff307e6d5d21d350fe794ad83f8dcfc4222419bb8287f613d5b1f7b039e82e,11,19ead6243e9f206c9a7705fe53a83e9652ed8cbb4d7ec99ac93532bb2510185c,11,online,NA,NA,NA,NA,NA,NA,NA,NA,NA,NA,NA,NA,NA,NA,NA,NA,4,0
"2bdd402a8322817eef2da9d5ce6a2267d30af3d6c1f1b387dcf1fc39031ae7a4 Mozilla/5.0 (Windows NT 10.0; Win64; x64) AppleWebKit/537.36 (KHTML, like Gecko) Chrome/87.0.4280.141 Safari/537.36 Edg/87.0.664.75",0122e19c-001b-48a5-88c4-9a9f8de66f06,60ebda8d7c2a468911061ac54b777ac1bbc6a96db422afd3e0c630eca82d5574,12,ac7b8cd1d60ddda8655187a1669b3dee9163863c55064de0bced8eb4e489a9d2,12,online,yes,no,45-59,Female,yes,Definitely does,Definitely yes,Regularly in the past,true,very untrue,6,left,right,erotic,false,t,1,0
"c95f1935af41ff9f2d187a1754a16ef5e3ef377b1cbe2aa2d7df1701e286ab1d Mozilla/5.0 (Windows NT 10.0; Win64; x64) AppleWebKit/537.36 (KHTML, like Gecko) Chrome/87.0.4280.141 Safari/537.36",909296a7-a1d1-4414-956f-c670399fc9e6,08ff307e6d5d21d350fe794ad83f8dcfc4222419bb8287f613d5b1f7b039e82e,11,19ead6243e9f206c9a7705fe53a83e9652ed8cbb4d7ec99ac93532bb2510185c,11,online,yes,no,45-59,Male,yes,Don’t know,Probably no,"No, never",NA,NA,NA,NA,NA,NA,NA,NA,4,0
"8d80fb4a02d2349e1ad42e113af622e2e0d28a1ceddc317a62725a95c2485a01 Mozilla/5.0 (Windows NT 10.0; Win64; x64) AppleWebKit/537.36 (KHTML, like Gecko) Chrome/87.0.4280.141 Safari/537.36 Edg/87.0.664.75",0122e19c-001b-48a5-88c4-9a9f8de66f06,60ebda8d7c2a468911061ac54b777ac1bbc6a96db422afd3e0c630eca82d5574,12,ac7b8cd1d60ddda8655187a1669b3dee9163863c55064de0bced8eb4e489a9d2,12,online,yes,no,45-59,Female,yes,Definitely does,Definitely yes,Regularly in the past,true,very untrue,7,left,right,erotic,false,t,1,0
"48f3f1ba1f26a476fab9f0d85b248aa43cab55dc26fca9ff0c12ee128e094517 Mozilla/5.0 (Windows NT 10.0; Win64; x64) AppleWebKit/537.36 (KHTML, like Gecko) Chrome/87.0.4280.141 Safari/537.36",47bb8411-fe15-4264-994f-249d360da322,08ff307e6d5d21d350fe794ad83f8dcfc4222419bb8287f613d5b1f7b039e82e,11,19ead6243e9f206c9a7705fe53a83e9652ed8cbb4d7ec99ac93532bb2510185c,11,online,yes,NA,NA,NA,NA,NA,NA,NA,NA,NA,NA,NA,NA,NA,NA,NA,4,0
"040752b7c89826dd3c4e65de3d183450f8d5f32b3e8828b12bd07a7e0bb94cb8 Mozilla/5.0 (Windows NT 10.0; Win64; x64) AppleWebKit/537.36 (KHTML, like Gecko) Chrome/87.0.4280.141 Safari/537.36",909296a7-a1d1-4414-956f-c670399fc9e6,08ff307e6d5d21d350fe794ad83f8dcfc4222419bb8287f613d5b1f7b039e82e,11,19ead6243e9f206c9a7705fe53a83e9652ed8cbb4d7ec99ac93532bb2510185c,11,online,yes,no,45-59,Male,yes,Don’t know,Probably no,"No, never",very true,untrue,NA,NA,NA,NA,NA,NA,4,0
"0b0efa44fb0d92c50ca4c0ce47b435ae62f4f9f75634e19827ea4b9123551238 Mozilla/5.0 (Windows NT 10.0; Win64; x64) AppleWebKit/537.36 (KHTML, like Gecko) Chrome/87.0.4280.141 Safari/537.36 Edg/87.0.664.75",0122e19c-001b-48a5-88c4-9a9f8de66f06,60ebda8d7c2a468911061ac54b777ac1bbc6a96db422afd3e0c630eca82d5574,12,ac7b8cd1d60ddda8655187a1669b3dee9163863c55064de0bced8eb4e489a9d2,12,online,yes,no,45-59,Female,yes,Definitely does,Definitely yes,Regularly in the past,true,very untrue,8,left,right,erotic,false,t,1,0
bdea2c0f9e28f37464e6e545088a487c0ed1538d5fc5ef97ebd54c15e8baa5b3 Mozilla/5.0 (Windows NT 10.0; Win64; x64; rv:84.0) Gecko/20100101 Firefox/84.0,2be5d3fc-a3a7-48c4-8f05-5b7c7cca03b7,08ff307e6d5d21d350fe794ad83f8dcfc4222419bb8287f613d5b1f7b039e82e,11,19ead6243e9f206c9a7705fe53a83e9652ed8cbb4d7ec99ac93532bb2510185c,11,online,yes,no,45-59,Male,yes,Probably does not,Definitely no,"No, never",NA,NA,NA,NA,NA,NA,NA,NA,4,0
"4212e6dc7cdd7cd8690d772b5bfda460999315dc18f4c75707df35ff428422c1 Mozilla/5.0 (Windows NT 10.0; Win64; x64) AppleWebKit/537.36 (KHTML, like Gecko) Chrome/87.0.4280.141 Safari/537.36 Edg/87.0.664.75",0122e19c-001b-48a5-88c4-9a9f8de66f06,60ebda8d7c2a468911061ac54b777ac1bbc6a96db422afd3e0c630eca82d5574,12,ac7b8cd1d60ddda8655187a1669b3dee9163863c55064de0bced8eb4e489a9d2,12,online,yes,no,45-59,Female,yes,Definitely does,Definitely yes,Regularly in the past,true,very untrue,9,right,right,neutral,true,t,1,0
"69c797822a2ddc8f183300d8e32859960ed998372c14f4cf2a9f99801110b332 Mozilla/5.0 (Windows NT 6.1; Win64; x64) AppleWebKit/537.36 (KHTML, like Gecko) Chrome/87.0.4280.141 Safari/537.36 Edg/87.0.664.75",e85f740f-10eb-47e9-8834-9e0647ea2669,60ebda8d7c2a468911061ac54b777ac1bbc6a96db422afd3e0c630eca82d5574,12,ac7b8cd1d60ddda8655187a1669b3dee9163863c55064de0bced8eb4e489a9d2,12,online,yes,no,30-44,Female,yes,Don’t know,Don't know,"No, never",NA,NA,NA,NA,NA,NA,NA,NA,1,0
"ac6270066913efbfbc82856062c9963abe047521a5ab6e51ac635b9717645f44 Mozilla/5.0 (Windows NT 10.0; Win64; x64) AppleWebKit/537.36 (KHTML, like Gecko) Chrome/87.0.4280.141 Safari/537.36 Edg/87.0.664.75",0122e19c-001b-48a5-88c4-9a9f8de66f06,60ebda8d7c2a468911061ac54b777ac1bbc6a96db422afd3e0c630eca82d5574,12,ac7b8cd1d60ddda8655187a1669b3dee9163863c55064de0bced8eb4e489a9d2,12,online,yes,no,45-59,Female,yes,Definitely does,Definitely yes,Regularly in the past,true,very untrue,10,right,left,neutral,false,t,1,0
d28bf27d2ed25e09310b030408425a3999eb54f4bb4e6efa2d627bd377a99d9e Mozilla/5.0 (Windows NT 10.0; Win64; x64; rv:84.0) Gecko/20100101 Firefox/84.0,2be5d3fc-a3a7-48c4-8f05-5b7c7cca03b7,08ff307e6d5d21d350fe794ad83f8dcfc4222419bb8287f613d5b1f7b039e82e,11,19ead6243e9f206c9a7705fe53a83e9652ed8cbb4d7ec99ac93532bb2510185c,11,online,yes,no,45-59,Male,yes,Probably does not,Definitely no,"No, never",between true and untrue,between true and untrue,NA,NA,NA,NA,NA,NA,4,0
"03dd9642c1cae46f14f1681cc5080a968ce691fd7aa846c025c3c6273b25fb15 Mozilla/5.0 (Windows NT 10.0; Win64; x64) AppleWebKit/537.36 (KHTML, like Gecko) Chrome/87.0.4280.141 Safari/537.36 Edg/87.0.664.75",0122e19c-001b-48a5-88c4-9a9f8de66f06,60ebda8d7c2a468911061ac54b777ac1bbc6a96db422afd3e0c630eca82d5574,12,ac7b8cd1d60ddda8655187a1669b3dee9163863c55064de0bced8eb4e489a9d2,12,online,yes,no,45-59,Female,yes,Definitely does,Definitely yes,Regularly in the past,true,very untrue,11,left,right,neutral,false,t,1,0
"53feb47810fc7274b030552de27352d67dbb1e15a2479746587e136535fd95f0 Mozilla/5.0 (Windows NT 6.1; Win64; x64) AppleWebKit/537.36 (KHTML, like Gecko) Chrome/87.0.4280.141 Safari/537.36 Edg/87.0.664.75",e85f740f-10eb-47e9-8834-9e0647ea2669,60ebda8d7c2a468911061ac54b777ac1bbc6a96db422afd3e0c630eca82d5574,12,ac7b8cd1d60ddda8655187a1669b3dee9163863c55064de0bced8eb4e489a9d2,12,online,yes,no,30-44,Female,yes,Don’t know,Don't know,"No, never",untrue,true,NA,NA,NA,NA,NA,NA,1,0
"56ac766631f6bbe33f4da8a907880abd00952b9ad30b19624505ac5542b2d4dc Mozilla/5.0 (Windows NT 10.0; Win64; x64) AppleWebKit/537.36 (KHTML, like Gecko) Chrome/87.0.4280.141 Safari/537.36",47bb8411-fe15-4264-994f-249d360da322,08ff307e6d5d21d350fe794ad83f8dcfc4222419bb8287f613d5b1f7b039e82e,11,19ead6243e9f206c9a7705fe53a83e9652ed8cbb4d7ec99ac93532bb2510185c,11,online,yes,no,45-59,Male,NA,NA,NA,NA,NA,NA,NA,NA,NA,NA,NA,NA,4,0
"56ac766631f6bbe33f4da8a907880abd00952b9ad30b19624505ac5542b2d4dc Mozilla/5.0 (Windows NT 10.0; Win64; x64) AppleWebKit/537.36 (KHTML, like Gecko) Chrome/87.0.4280.141 Safari/537.36 Edg/87.0.664.75",0122e19c-001b-48a5-88c4-9a9f8de66f06,60ebda8d7c2a468911061ac54b777ac1bbc6a96db422afd3e0c630eca82d5574,12,ac7b8cd1d60ddda8655187a1669b3dee9163863c55064de0bced8eb4e489a9d2,12,online,yes,no,45-59,Female,yes,Definitely does,Definitely yes,Regularly in the past,true,very untrue,12,right,left,erotic,false,t,1,0
"353bc758bc410b916cfd985e3f24421b866321769c269869087ac817c1ff4dc5 Mozilla/5.0 (Windows NT 10.0; Win64; x64) AppleWebKit/537.36 (KHTML, like Gecko) Chrome/87.0.4280.141 Safari/537.36 Edg/87.0.664.75",0122e19c-001b-48a5-88c4-9a9f8de66f06,60ebda8d7c2a468911061ac54b777ac1bbc6a96db422afd3e0c630eca82d5574,12,ac7b8cd1d60ddda8655187a1669b3dee9163863c55064de0bced8eb4e489a9d2,12,online,yes,no,45-59,Female,yes,Definitely does,Definitely yes,Regularly in the past,true,very untrue,13,left,right,erotic,false,t,1,0
"ba882cb08b9d470ed8a4f192a846413d94fb8fc27a604afc78b9b5467b7a8c42 Mozilla/5.0 (Windows NT 10.0; Win64; x64) AppleWebKit/537.36 (KHTML, like Gecko) Chrome/87.0.4280.141 Safari/537.36 Edg/87.0.664.75",0122e19c-001b-48a5-88c4-9a9f8de66f06,60ebda8d7c2a468911061ac54b777ac1bbc6a96db422afd3e0c630eca82d5574,12,ac7b8cd1d60ddda8655187a1669b3dee9163863c55064de0bced8eb4e489a9d2,12,online,yes,no,45-59,Female,yes,Definitely does,Definitely yes,Regularly in the past,true,very untrue,14,right,right,erotic,true,t,1,0
2b2c5c7f57e07f79cb3dc87b98b99db176bf293b20db8803e5235fabba709cdf Mozilla/5.0 (Windows NT 10.0; Win64; x64; rv:84.0) Gecko/20100101 Firefox/84.0,f43ad6eb-46e7-474f-ba82-2bcedfaf8ea9,60ebda8d7c2a468911061ac54b777ac1bbc6a96db422afd3e0c630eca82d5574,12,ac7b8cd1d60ddda8655187a1669b3dee9163863c55064de0bced8eb4e489a9d2,12,online,NA,NA,NA,NA,NA,NA,NA,NA,NA,NA,NA,NA,NA,NA,NA,NA,1,0
e80b3d0d4ce087c10b03c0d9d50bee30b4719950d25c8382fbb8a8bac9dd85b1 Mozilla/5.0 (Windows NT 10.0; Win64; x64; rv:84.0) Gecko/20100101 Firefox/84.0,7324ce64-8ed4-4f35-8d20-1cc07f237632,08ff307e6d5d21d350fe794ad83f8dcfc4222419bb8287f613d5b1f7b039e82e,11,19ead6243e9f206c9a7705fe53a83e9652ed8cbb4d7ec99ac93532bb2510185c,11,online,NA,NA,NA,NA,NA,NA,NA,NA,NA,NA,NA,NA,NA,NA,NA,NA,4,0
"8a768cb01aa6dc5ad864267dfb18c24bcd90615a28c900602aebdc2d9018046c Mozilla/5.0 (Windows NT 10.0; Win64; x64) AppleWebKit/537.36 (KHTML, like Gecko) Chrome/87.0.4280.141 Safari/537.36 Edg/87.0.664.75",0122e19c-001b-48a5-88c4-9a9f8de66f06,60ebda8d7c2a468911061ac54b777ac1bbc6a96db422afd3e0c630eca82d5574,12,ac7b8cd1d60ddda8655187a1669b3dee9163863c55064de0bced8eb4e489a9d2,12,online,yes,no,45-59,Female,yes,Definitely does,Definitely yes,Regularly in the past,true,very untrue,15,left,right,erotic,false,t,1,0
c4ea62b03b4faee0d6e693937bac1983249a7e5f5f5ad751ff5e0574517b78db Mozilla/5.0 (Windows NT 10.0; Win64; x64; rv:84.0) Gecko/20100101 Firefox/84.0,7324ce64-8ed4-4f35-8d20-1cc07f237632,08ff307e6d5d21d350fe794ad83f8dcfc4222419bb8287f613d5b1f7b039e82e,11,19ead6243e9f206c9a7705fe53a83e9652ed8cbb4d7ec99ac93532bb2510185c,11,online,yes,NA,NA,NA,NA,NA,NA,NA,NA,NA,NA,NA,NA,NA,NA,NA,4,0
"a8a8c30b6377f205ecdbf3eb28dbbdab577cb14595860b32852ddfd95aa8d30a Mozilla/5.0 (Windows NT 10.0; Win64; x64) AppleWebKit/537.36 (KHTML, like Gecko) Chrome/87.0.4280.141 Safari/537.36 Edg/87.0.664.75",0122e19c-001b-48a5-88c4-9a9f8de66f06,60ebda8d7c2a468911061ac54b777ac1bbc6a96db422afd3e0c630eca82d5574,12,ac7b8cd1d60ddda8655187a1669b3dee9163863c55064de0bced8eb4e489a9d2,12,online,yes,no,45-59,Female,yes,Definitely does,Definitely yes,Regularly in the past,true,very untrue,16,right,left,erotic,false,t,1,0
4f4467e6e4e289167b026579a12467cfe6752d64f3b071fc3fe629d30b295f4a Mozilla/5.0 (Windows NT 10.0; Win64; x64; rv:84.0) Gecko/20100101 Firefox/84.0,7324ce64-8ed4-4f35-8d20-1cc07f237632,08ff307e6d5d21d350fe794ad83f8dcfc4222419bb8287f613d5b1f7b039e82e,11,19ead6243e9f206c9a7705fe53a83e9652ed8cbb4d7ec99ac93532bb2510185c,11,online,yes,no,45-59,Male,NA,NA,NA,NA,NA,NA,NA,NA,NA,NA,NA,NA,4,0
"ed54ee05738ed7e9b12a5915cbeb0c97b2aad910095c3921b3bf221dcc60e472 Mozilla/5.0 (Windows NT 10.0; Win64; x64) AppleWebKit/537.36 (KHTML, like Gecko) Chrome/87.0.4280.141 Safari/537.36 Edg/87.0.664.75",0122e19c-001b-48a5-88c4-9a9f8de66f06,60ebda8d7c2a468911061ac54b777ac1bbc6a96db422afd3e0c630eca82d5574,12,ac7b8cd1d60ddda8655187a1669b3dee9163863c55064de0bced8eb4e489a9d2,12,online,yes,no,45-59,Female,yes,Definitely does,Definitely yes,Regularly in the past,true,very untrue,17,left,left,erotic,true,t,1,0
"77419a6eb7471b29e5b261e98035e5316ed35b54d9af0efe56ead78da2ca8b4c Mozilla/5.0 (Windows NT 10.0; Win64; x64) AppleWebKit/537.36 (KHTML, like Gecko) Chrome/87.0.4280.141 Safari/537.36 Edg/87.0.664.75",0122e19c-001b-48a5-88c4-9a9f8de66f06,60ebda8d7c2a468911061ac54b777ac1bbc6a96db422afd3e0c630eca82d5574,12,ac7b8cd1d60ddda8655187a1669b3dee9163863c55064de0bced8eb4e489a9d2,12,online,yes,no,45-59,Female,yes,Definitely does,Definitely yes,Regularly in the past,true,very untrue,18,right,left,neutral,false,t,1,0
"d7e3b6906eeb0e153521b8257cf712a23ceb1660cfe845e5e6ef643e1c6b4415 Mozilla/5.0 (Windows NT 10.0; Win64; x64) AppleWebKit/537.36 (KHTML, like Gecko) Chrome/87.0.4280.141 Safari/537.36 Edg/87.0.664.75",0122e19c-001b-48a5-88c4-9a9f8de66f06,60ebda8d7c2a468911061ac54b777ac1bbc6a96db422afd3e0c630eca82d5574,12,ac7b8cd1d60ddda8655187a1669b3dee9163863c55064de0bced8eb4e489a9d2,12,online,yes,no,45-59,Female,yes,Definitely does,Definitely yes,Regularly in the past,true,very untrue,19,left,right,erotic,false,t,1,0
da8238acfa0cb2df1f74a303d000c112571557a5381557696813959c3b321ab7 Mozilla/5.0 (Windows NT 10.0; Win64; x64; rv:84.0) Gecko/20100101 Firefox/84.0,7324ce64-8ed4-4f35-8d20-1cc07f237632,08ff307e6d5d21d350fe794ad83f8dcfc4222419bb8287f613d5b1f7b039e82e,11,19ead6243e9f206c9a7705fe53a83e9652ed8cbb4d7ec99ac93532bb2510185c,11,online,yes,no,45-59,Male,yes,Probably does not,Definitely no,"No, never",NA,NA,NA,NA,NA,NA,NA,NA,4,0
"371e116d84ebde9cce9fd7bc70b168a97da047f107f4dc0db22d506f1f160c16 Mozilla/5.0 (Windows NT 10.0; Win64; x64) AppleWebKit/537.36 (KHTML, like Gecko) Chrome/87.0.4280.141 Safari/537.36 Edg/87.0.664.75",0122e19c-001b-48a5-88c4-9a9f8de66f06,60ebda8d7c2a468911061ac54b777ac1bbc6a96db422afd3e0c630eca82d5574,12,ac7b8cd1d60ddda8655187a1669b3dee9163863c55064de0bced8eb4e489a9d2,12,online,yes,no,45-59,Female,yes,Definitely does,Definitely yes,Regularly in the past,true,very untrue,20,left,right,erotic,false,t,1,0
3a088102abfd9a3f36d468ef4b2003b3bd2256db3a65c071ae06f3687dd13393 Mozilla/5.0 (Windows NT 10.0; Win64; x64; rv:84.0) Gecko/20100101 Firefox/84.0,7324ce64-8ed4-4f35-8d20-1cc07f237632,08ff307e6d5d21d350fe794ad83f8dcfc4222419bb8287f613d5b1f7b039e82e,11,19ead6243e9f206c9a7705fe53a83e9652ed8cbb4d7ec99ac93532bb2510185c,11,online,yes,no,45-59,Male,yes,Probably does not,Definitely no,"No, never",untrue,between true and untrue,NA,NA,NA,NA,NA,NA,4,0
"c113af3200ca68cf307a9a1292b121b8f5c4623883c488834438174ddcf03154 Mozilla/5.0 (Windows NT 10.0; Win64; x64) AppleWebKit/537.36 (KHTML, like Gecko) Chrome/87.0.4280.141 Safari/537.36 Edg/87.0.664.75",0122e19c-001b-48a5-88c4-9a9f8de66f06,60ebda8d7c2a468911061ac54b777ac1bbc6a96db422afd3e0c630eca82d5574,12,ac7b8cd1d60ddda8655187a1669b3dee9163863c55064de0bced8eb4e489a9d2,12,online,yes,no,45-59,Female,yes,Definitely does,Definitely yes,Regularly in the past,true,very untrue,21,right,left,erotic,false,t,1,0
"a61e9c4aa214061632407743299dadbb330222950f0bad2512be4cf4120a4f05 Mozilla/5.0 (Windows NT 10.0; Win64; x64) AppleWebKit/537.36 (KHTML, like Gecko) Chrome/87.0.4280.141 Safari/537.36 Edg/87.0.664.75",0122e19c-001b-48a5-88c4-9a9f8de66f06,60ebda8d7c2a468911061ac54b777ac1bbc6a96db422afd3e0c630eca82d5574,12,ac7b8cd1d60ddda8655187a1669b3dee9163863c55064de0bced8eb4e489a9d2,12,online,yes,no,45-59,Female,yes,Definitely does,Definitely yes,Regularly in the past,true,very untrue,22,left,right,neutral,false,t,1,0
"9af7fd7cb6e7221342d08aa37723d8060a21c48b33b2354cfa341ffaa1c8f3a1 Mozilla/5.0 (Windows NT 10.0; Win64; x64) AppleWebKit/537.36 (KHTML, like Gecko) Chrome/87.0.4280.141 Safari/537.36 Edg/87.0.664.75",0122e19c-001b-48a5-88c4-9a9f8de66f06,60ebda8d7c2a468911061ac54b777ac1bbc6a96db422afd3e0c630eca82d5574,12,ac7b8cd1d60ddda8655187a1669b3dee9163863c55064de0bced8eb4e489a9d2,12,online,yes,no,45-59,Female,yes,Definitely does,Definitely yes,Regularly in the past,true,very untrue,23,right,right,neutral,true,t,1,0
"2b981ffbe5ce59102d256dd7d57e10421c8ce7a75296b17f4e6bf74b76f3ee1f Mozilla/5.0 (Windows NT 6.1; Win64; x64) AppleWebKit/537.36 (KHTML, like Gecko) Chrome/87.0.4280.141 Safari/537.36",7a13924a-e918-479c-85dc-be87ad501e09,08ff307e6d5d21d350fe794ad83f8dcfc4222419bb8287f613d5b1f7b039e82e,11,19ead6243e9f206c9a7705fe53a83e9652ed8cbb4d7ec99ac93532bb2510185c,11,online,NA,NA,NA,NA,NA,NA,NA,NA,NA,NA,NA,NA,NA,NA,NA,NA,4,0
"02937e32467115bba408804ecb48b1cb9541e5541d055d774c7dd34e5e540ceb Mozilla/5.0 (Windows NT 10.0; Win64; x64) AppleWebKit/537.36 (KHTML, like Gecko) Chrome/87.0.4280.141 Safari/537.36",47bb8411-fe15-4264-994f-249d360da322,08ff307e6d5d21d350fe794ad83f8dcfc4222419bb8287f613d5b1f7b039e82e,11,19ead6243e9f206c9a7705fe53a83e9652ed8cbb4d7ec99ac93532bb2510185c,11,online,yes,no,45-59,Male,yes,Don’t know,Probably no,"No, never",NA,NA,NA,NA,NA,NA,NA,NA,4,0
"077578653979f68e1961efe9c72b4a9a4a106f6ec8c7593a80e0fb5d2ee8a629 Mozilla/5.0 (Windows NT 10.0; Win64; x64) AppleWebKit/537.36 (KHTML, like Gecko) Chrome/87.0.4280.141 Safari/537.36 Edg/87.0.664.75",0122e19c-001b-48a5-88c4-9a9f8de66f06,60ebda8d7c2a468911061ac54b777ac1bbc6a96db422afd3e0c630eca82d5574,12,ac7b8cd1d60ddda8655187a1669b3dee9163863c55064de0bced8eb4e489a9d2,12,online,yes,no,45-59,Female,yes,Definitely does,Definitely yes,Regularly in the past,true,very untrue,24,left,left,neutral,true,t,1,0
"0d5e0d9c234a9e9ed43a6f9cc6af28f897e915688da0b333bb775f0b91818a34 Mozilla/5.0 (Windows NT 6.1; Win64; x64) AppleWebKit/537.36 (KHTML, like Gecko) Chrome/87.0.4280.141 Safari/537.36",7a13924a-e918-479c-85dc-be87ad501e09,08ff307e6d5d21d350fe794ad83f8dcfc4222419bb8287f613d5b1f7b039e82e,11,19ead6243e9f206c9a7705fe53a83e9652ed8cbb4d7ec99ac93532bb2510185c,11,online,yes,NA,NA,NA,NA,NA,NA,NA,NA,NA,NA,NA,NA,NA,NA,NA,4,0
"8c4bfdda6483181bc2473ca36d9900d74020a11aabd0fe20e1949deb71d275a4 Mozilla/5.0 (Windows NT 10.0; Win64; x64) AppleWebKit/537.36 (KHTML, like Gecko) Chrome/87.0.4280.141 Safari/537.36 Edg/87.0.664.75",0122e19c-001b-48a5-88c4-9a9f8de66f06,60ebda8d7c2a468911061ac54b777ac1bbc6a96db422afd3e0c630eca82d5574,12,ac7b8cd1d60ddda8655187a1669b3dee9163863c55064de0bced8eb4e489a9d2,12,online,yes,no,45-59,Female,yes,Definitely does,Definitely yes,Regularly in the past,true,very untrue,25,right,right,erotic,true,t,1,0
"1bd501e782da4869ca36cee4094e11d6ff5996d46eb77d3f85504338826831c7 Mozilla/5.0 (Windows NT 10.0; Win64; x64) AppleWebKit/537.36 (KHTML, like Gecko) Chrome/87.0.4280.141 Safari/537.36 Edg/87.0.664.75",0122e19c-001b-48a5-88c4-9a9f8de66f06,60ebda8d7c2a468911061ac54b777ac1bbc6a96db422afd3e0c630eca82d5574,12,ac7b8cd1d60ddda8655187a1669b3dee9163863c55064de0bced8eb4e489a9d2,12,online,yes,no,45-59,Female,yes,Definitely does,Definitely yes,Regularly in the past,true,very untrue,26,left,right,neutral,false,t,1,0
"4e45de94f69fb7bfc3efe2d710bed9da7ff38b43d2d70fbdc093acb51773338e Mozilla/5.0 (Windows NT 10.0; Win64; x64) AppleWebKit/537.36 (KHTML, like Gecko) Chrome/87.0.4280.141 Safari/537.36",47bb8411-fe15-4264-994f-249d360da322,08ff307e6d5d21d350fe794ad83f8dcfc4222419bb8287f613d5b1f7b039e82e,11,19ead6243e9f206c9a7705fe53a83e9652ed8cbb4d7ec99ac93532bb2510185c,11,online,yes,no,45-59,Male,yes,Don’t know,Probably no,"No, never",between true and untrue,untrue,NA,NA,NA,NA,NA,NA,4,0
"22a801d1e682eabfd443c3ec57587e9631cf9c3e224853717961769e491012d7 Mozilla/5.0 (Windows NT 6.1; Win64; x64) AppleWebKit/537.36 (KHTML, like Gecko) Chrome/87.0.4280.141 Safari/537.36",7a13924a-e918-479c-85dc-be87ad501e09,08ff307e6d5d21d350fe794ad83f8dcfc4222419bb8287f613d5b1f7b039e82e,11,19ead6243e9f206c9a7705fe53a83e9652ed8cbb4d7ec99ac93532bb2510185c,11,online,yes,no,45-59,Female,NA,NA,NA,NA,NA,NA,NA,NA,NA,NA,NA,NA,4,0
"050bf4ed68e7880ed4e65facaa76343b4746d6ea8c0bad451083e79ce6e766e2 Mozilla/5.0 (Windows NT 10.0; Win64; x64) AppleWebKit/537.36 (KHTML, like Gecko) Chrome/87.0.4280.141 Safari/537.36 Edg/87.0.664.75",0122e19c-001b-48a5-88c4-9a9f8de66f06,60ebda8d7c2a468911061ac54b777ac1bbc6a96db422afd3e0c630eca82d5574,12,ac7b8cd1d60ddda8655187a1669b3dee9163863c55064de0bced8eb4e489a9d2,12,online,yes,no,45-59,Female,yes,Definitely does,Definitely yes,Regularly in the past,true,very untrue,27,right,right,neutral,true,t,1,0
"ceb1114513c487ad04b90a22e6a8fd20a28d96c057d4e185d5384c1748623053 Mozilla/5.0 (Windows NT 10.0; Win64; x64) AppleWebKit/537.36 (KHTML, like Gecko) Chrome/87.0.4280.141 Safari/537.36 Edg/87.0.664.75",0122e19c-001b-48a5-88c4-9a9f8de66f06,60ebda8d7c2a468911061ac54b777ac1bbc6a96db422afd3e0c630eca82d5574,12,ac7b8cd1d60ddda8655187a1669b3dee9163863c55064de0bced8eb4e489a9d2,12,online,yes,no,45-59,Female,yes,Definitely does,Definitely yes,Regularly in the past,true,very untrue,28,left,right,erotic,false,t,1,0
"0a75e1f082bc2fd34ccd2b8f313003833126e0109c6a00483e3ba8c73a490818 Mozilla/5.0 (Windows NT 10.0; Win64; x64) AppleWebKit/537.36 (KHTML, like Gecko) Chrome/87.0.4280.141 Safari/537.36 Edg/87.0.664.75",0122e19c-001b-48a5-88c4-9a9f8de66f06,60ebda8d7c2a468911061ac54b777ac1bbc6a96db422afd3e0c630eca82d5574,12,ac7b8cd1d60ddda8655187a1669b3dee9163863c55064de0bced8eb4e489a9d2,12,online,yes,no,45-59,Female,yes,Definitely does,Definitely yes,Regularly in the past,true,very untrue,29,right,left,erotic,false,t,1,0
7664fa9d649cacccaea0f5b5afefec1da3635ddeb4fc071be868cdd8c529f91f Mozilla/5.0 (Windows NT 10.0; Win64; x64; rv:84.0) Gecko/20100101 Firefox/84.0,8fbd224c-dad2-4d9b-87c8-eacbec928fe7,08ff307e6d5d21d350fe794ad83f8dcfc4222419bb8287f613d5b1f7b039e82e,11,19ead6243e9f206c9a7705fe53a83e9652ed8cbb4d7ec99ac93532bb2510185c,11,online,NA,NA,NA,NA,NA,NA,NA,NA,NA,NA,NA,NA,NA,NA,NA,NA,4,0
"6336cbf68249212bc4852c8494353643c413c1ca59f0e8e61a92ca28f6768957 Mozilla/5.0 (Windows NT 10.0; Win64; x64) AppleWebKit/537.36 (KHTML, like Gecko) Chrome/87.0.4280.141 Safari/537.36 Edg/87.0.664.75",0122e19c-001b-48a5-88c4-9a9f8de66f06,60ebda8d7c2a468911061ac54b777ac1bbc6a96db422afd3e0c630eca82d5574,12,ac7b8cd1d60ddda8655187a1669b3dee9163863c55064de0bced8eb4e489a9d2,12,online,yes,no,45-59,Female,yes,Definitely does,Definitely yes,Regularly in the past,true,very untrue,30,left,left,erotic,true,t,1,0
"e5a8d8f170da1f8b14f91e21a911215e450534a09ad586af3e3179fa331e904a Mozilla/5.0 (Windows NT 10.0; Win64; x64) AppleWebKit/537.36 (KHTML, like Gecko) Chrome/87.0.4280.141 Safari/537.36 Edg/87.0.664.75",0122e19c-001b-48a5-88c4-9a9f8de66f06,60ebda8d7c2a468911061ac54b777ac1bbc6a96db422afd3e0c630eca82d5574,12,ac7b8cd1d60ddda8655187a1669b3dee9163863c55064de0bced8eb4e489a9d2,12,online,yes,no,45-59,Female,yes,Definitely does,Definitely yes,Regularly in the past,true,very untrue,31,right,right,neutral,true,t,1,0
57532277d06f24a49e0a47eb81acf2bce0104af3e5cf761b436db69117e5741f Mozilla/5.0 (Windows NT 10.0; Win64; x64; rv:84.0) Gecko/20100101 Firefox/84.0,8fbd224c-dad2-4d9b-87c8-eacbec928fe7,08ff307e6d5d21d350fe794ad83f8dcfc4222419bb8287f613d5b1f7b039e82e,11,19ead6243e9f206c9a7705fe53a83e9652ed8cbb4d7ec99ac93532bb2510185c,11,online,yes,NA,NA,NA,NA,NA,NA,NA,NA,NA,NA,NA,NA,NA,NA,NA,4,0
"57532277d06f24a49e0a47eb81acf2bce0104af3e5cf761b436db69117e5741f Mozilla/5.0 (Windows NT 10.0; Win64; x64) AppleWebKit/537.36 (KHTML, like Gecko) Chrome/87.0.4280.141 Safari/537.36 Edg/87.0.664.75",0122e19c-001b-48a5-88c4-9a9f8de66f06,60ebda8d7c2a468911061ac54b777ac1bbc6a96db422afd3e0c630eca82d5574,12,ac7b8cd1d60ddda8655187a1669b3dee9163863c55064de0bced8eb4e489a9d2,12,online,yes,no,45-59,Female,yes,Definitely does,Definitely yes,Regularly in the past,true,very untrue,32,left,right,neutral,false,t,1,0
"7ca0a28f5065095d41cda93a53ed6a0c96dc801e7ba39dd7f5e1c83d9d614a69 Mozilla/5.0 (Windows NT 6.1; Win64; x64) AppleWebKit/537.36 (KHTML, like Gecko) Chrome/87.0.4280.141 Safari/537.36",7a13924a-e918-479c-85dc-be87ad501e09,08ff307e6d5d21d350fe794ad83f8dcfc4222419bb8287f613d5b1f7b039e82e,11,19ead6243e9f206c9a7705fe53a83e9652ed8cbb4d7ec99ac93532bb2510185c,11,online,yes,no,45-59,Female,yes,Definitely does,Definitely yes,Occasionally,NA,NA,NA,NA,NA,NA,NA,NA,4,0
"1dc7807ec1e4994de404d370dd479902ed104c99a3ee61009a87364977c27f2f Mozilla/5.0 (Windows NT 10.0; Win64; x64) AppleWebKit/537.36 (KHTML, like Gecko) Chrome/87.0.4280.141 Safari/537.36 Edg/87.0.664.75",0122e19c-001b-48a5-88c4-9a9f8de66f06,60ebda8d7c2a468911061ac54b777ac1bbc6a96db422afd3e0c630eca82d5574,12,ac7b8cd1d60ddda8655187a1669b3dee9163863c55064de0bced8eb4e489a9d2,12,online,yes,no,45-59,Female,yes,Definitely does,Definitely yes,Regularly in the past,true,very untrue,33,right,right,neutral,true,t,1,0
"479981a4b74afb9e2d99ce653e48eba42b8986d22b70743e0979ad7964a665ec Mozilla/5.0 (Windows NT 10.0; Win64; x64) AppleWebKit/537.36 (KHTML, like Gecko) Chrome/87.0.4280.141 Safari/537.36",3b8487b6-0ba7-43d0-85a5-b01c50ff2c6d,08ff307e6d5d21d350fe794ad83f8dcfc4222419bb8287f613d5b1f7b039e82e,11,19ead6243e9f206c9a7705fe53a83e9652ed8cbb4d7ec99ac93532bb2510185c,11,online,yes,NA,NA,NA,NA,NA,NA,NA,NA,NA,NA,NA,NA,NA,NA,NA,4,0
"dbdfa20d23a19490f36ad990f6cc1ef69b6f7cd77bc573068e254ec0a4d5b6c5 Mozilla/5.0 (Windows NT 6.1; Win64; x64) AppleWebKit/537.36 (KHTML, like Gecko) Chrome/87.0.4280.141 Safari/537.36",7a13924a-e918-479c-85dc-be87ad501e09,08ff307e6d5d21d350fe794ad83f8dcfc4222419bb8287f613d5b1f7b039e82e,11,19ead6243e9f206c9a7705fe53a83e9652ed8cbb4d7ec99ac93532bb2510185c,11,online,yes,no,45-59,Female,yes,Definitely does,Definitely yes,Occasionally,true,very untrue,NA,NA,NA,NA,NA,NA,4,0
"cb97810d0ca90894be7f6d11fc16182638da0db37e5539c3d39bcec224061870 Mozilla/5.0 (Windows NT 10.0; Win64; x64) AppleWebKit/537.36 (KHTML, like Gecko) Chrome/87.0.4280.141 Safari/537.36 Edg/87.0.664.75",0122e19c-001b-48a5-88c4-9a9f8de66f06,60ebda8d7c2a468911061ac54b777ac1bbc6a96db422afd3e0c630eca82d5574,12,ac7b8cd1d60ddda8655187a1669b3dee9163863c55064de0bced8eb4e489a9d2,12,online,yes,no,45-59,Female,yes,Definitely does,Definitely yes,Regularly in the past,true,very untrue,34,right,left,neutral,false,t,1,0
"cec211da4b5e19eeea48cc7aa3954e8e42f1c2356f59f6ecc6eb275779502aad Mozilla/5.0 (Windows NT 10.0; Win64; x64) AppleWebKit/537.36 (KHTML, like Gecko) Chrome/87.0.4280.141 Safari/537.36 Edg/87.0.664.75",0122e19c-001b-48a5-88c4-9a9f8de66f06,60ebda8d7c2a468911061ac54b777ac1bbc6a96db422afd3e0c630eca82d5574,12,ac7b8cd1d60ddda8655187a1669b3dee9163863c55064de0bced8eb4e489a9d2,12,online,yes,no,45-59,Female,yes,Definitely does,Definitely yes,Regularly in the past,true,very untrue,35,left,right,neutral,false,t,1,0
292153c4d847dddc2cd57f828f6cbba311dc6398d7ebcfba9e0dfa3608d7c8a4 Mozilla/5.0 (Windows NT 10.0; Win64; x64; rv:84.0) Gecko/20100101 Firefox/84.0,8fbd224c-dad2-4d9b-87c8-eacbec928fe7,08ff307e6d5d21d350fe794ad83f8dcfc4222419bb8287f613d5b1f7b039e82e,11,19ead6243e9f206c9a7705fe53a83e9652ed8cbb4d7ec99ac93532bb2510185c,11,online,yes,no,60+,Male,NA,NA,NA,NA,NA,NA,NA,NA,NA,NA,NA,NA,4,0
3372ea6d116783bf01ce648bcffb58f3fd64cb3f18fe9e43e1db2e93079e5f62 Mozilla/5.0 (Windows NT 10.0; Win64; x64; rv:84.0) Gecko/20100101 Firefox/84.0,089d363f-5986-4393-8627-a11764ca062b,08ff307e6d5d21d350fe794ad83f8dcfc4222419bb8287f613d5b1f7b039e82e,11,19ead6243e9f206c9a7705fe53a83e9652ed8cbb4d7ec99ac93532bb2510185c,11,online,NA,NA,NA,NA,NA,NA,NA,NA,NA,NA,NA,NA,NA,NA,NA,NA,4,0
"62c00d4b2201e7e2cf22cbdffe4862b54192df54f6476bdcbcddeb8f65e2fe62 Mozilla/5.0 (Windows NT 10.0; Win64; x64) AppleWebKit/537.36 (KHTML, like Gecko) Chrome/87.0.4280.141 Safari/537.36 Edg/87.0.664.75",0122e19c-001b-48a5-88c4-9a9f8de66f06,60ebda8d7c2a468911061ac54b777ac1bbc6a96db422afd3e0c630eca82d5574,12,ac7b8cd1d60ddda8655187a1669b3dee9163863c55064de0bced8eb4e489a9d2,12,online,yes,no,45-59,Female,yes,Definitely does,Definitely yes,Regularly in the past,true,very untrue,36,right,right,neutral,true,t,1,0
"b6431c72174bfd9bdc281255148240e0b821c3685c619d91b9b4e37499ae26d4 Mozilla/5.0 (Macintosh; Intel Mac OS X 10_14_6) AppleWebKit/605.1.15 (KHTML, like Gecko) Version/12.1.2 Safari/605.1.15",88c1550e-5760-4cc5-9b73-d451309d9c2d,08ff307e6d5d21d350fe794ad83f8dcfc4222419bb8287f613d5b1f7b039e82e,11,19ead6243e9f206c9a7705fe53a83e9652ed8cbb4d7ec99ac93532bb2510185c,11,online,yes,no,18-29,Female,yes,Don’t know,Don't know,Occasionally,true,between true and untrue,1,right,right,erotic,true,sh,4,0
d77d3264955625d2a30728ac991f287eef043717131655af96fca8395aad58b6 Mozilla/5.0 (Windows NT 10.0; Win64; x64; rv:84.0) Gecko/20100101 Firefox/84.0,089d363f-5986-4393-8627-a11764ca062b,08ff307e6d5d21d350fe794ad83f8dcfc4222419bb8287f613d5b1f7b039e82e,11,19ead6243e9f206c9a7705fe53a83e9652ed8cbb4d7ec99ac93532bb2510185c,11,online,yes,NA,NA,NA,NA,NA,NA,NA,NA,NA,NA,NA,NA,NA,NA,NA,4,0
"170911fcfe4ec111d349f38cb895b5cce031dfeb8ced805d33a02feae168c5cf Mozilla/5.0 (Macintosh; Intel Mac OS X 10_14_6) AppleWebKit/605.1.15 (KHTML, like Gecko) Version/12.1.2 Safari/605.1.15",88c1550e-5760-4cc5-9b73-d451309d9c2d,08ff307e6d5d21d350fe794ad83f8dcfc4222419bb8287f613d5b1f7b039e82e,11,19ead6243e9f206c9a7705fe53a83e9652ed8cbb4d7ec99ac93532bb2510185c,11,online,yes,no,18-29,Female,yes,Don’t know,Don't know,Occasionally,true,between true and untrue,2,right,left,neutral,false,t,4,0
"7ebc46db9f5c29e53a58fce54d4156adf098b02501434ef8068623f2f5f507ef Mozilla/5.0 (Macintosh; Intel Mac OS X 10_14_6) AppleWebKit/605.1.15 (KHTML, like Gecko) Version/12.1.2 Safari/605.1.15",88c1550e-5760-4cc5-9b73-d451309d9c2d,08ff307e6d5d21d350fe794ad83f8dcfc4222419bb8287f613d5b1f7b039e82e,11,19ead6243e9f206c9a7705fe53a83e9652ed8cbb4d7ec99ac93532bb2510185c,11,online,yes,no,18-29,Female,yes,Don’t know,Don't know,Occasionally,true,between true and untrue,3,left,right,erotic,false,sh,4,0
a323950ff4ee457c51fe6d2e491d3d88c9d6993f2aa62b1e691507b96c0e97c4 Mozilla/5.0 (Windows NT 10.0; Win64; x64; rv:84.0) Gecko/20100101 Firefox/84.0,8fbd224c-dad2-4d9b-87c8-eacbec928fe7,08ff307e6d5d21d350fe794ad83f8dcfc4222419bb8287f613d5b1f7b039e82e,11,19ead6243e9f206c9a7705fe53a83e9652ed8cbb4d7ec99ac93532bb2510185c,11,online,yes,no,60+,Male,yes,Definitely does,Don't know,Occasionally,NA,NA,NA,NA,NA,NA,NA,NA,4,0
af7f5ca29cd988312f876cd53ca9a70a8221457033184815cbac11d2a4bdb152 Mozilla/5.0 (Windows NT 10.0; Win64; x64; rv:84.0) Gecko/20100101 Firefox/84.0,8fbd224c-dad2-4d9b-87c8-eacbec928fe7,08ff307e6d5d21d350fe794ad83f8dcfc4222419bb8287f613d5b1f7b039e82e,11,19ead6243e9f206c9a7705fe53a83e9652ed8cbb4d7ec99ac93532bb2510185c,11,online,yes,no,60+,Male,yes,Definitely does,Don't know,Occasionally,very true,very untrue,NA,NA,NA,NA,NA,NA,4,0
"b5cad1dd68ed8e2f3db762242a96b027757a4478cdddde66e09433649575f439 Mozilla/5.0 (Windows NT 10.0; Win64; x64) AppleWebKit/537.36 (KHTML, like Gecko) Chrome/87.0.4280.141 Safari/537.36",3b8487b6-0ba7-43d0-85a5-b01c50ff2c6d,08ff307e6d5d21d350fe794ad83f8dcfc4222419bb8287f613d5b1f7b039e82e,11,19ead6243e9f206c9a7705fe53a83e9652ed8cbb4d7ec99ac93532bb2510185c,11,online,yes,no,18-29,Male,NA,NA,NA,NA,NA,NA,NA,NA,NA,NA,NA,NA,4,0
"f06c4ab53f9baeee2b7e2ac2449430d48d54eafcf47065a073ff85ba87643101 Mozilla/5.0 (Windows NT 10.0; Win64; x64) AppleWebKit/537.36 (KHTML, like Gecko) Chrome/87.0.4280.141 Safari/537.36",909296a7-a1d1-4414-956f-c670399fc9e6,08ff307e6d5d21d350fe794ad83f8dcfc4222419bb8287f613d5b1f7b039e82e,11,19ead6243e9f206c9a7705fe53a83e9652ed8cbb4d7ec99ac93532bb2510185c,11,online,yes,no,45-59,Male,yes,Don’t know,Probably no,"No, never",very true,untrue,1,left,left,neutral,true,sh,4,0
"67e9adabd8e6b5b9eed0a95486abb0f437cb2bfdd3798b5d8aaf496ab96f3493 Mozilla/5.0 (Windows NT 10.0; Win64; x64) AppleWebKit/537.36 (KHTML, like Gecko) Chrome/87.0.4280.141 Safari/537.36",909296a7-a1d1-4414-956f-c670399fc9e6,08ff307e6d5d21d350fe794ad83f8dcfc4222419bb8287f613d5b1f7b039e82e,11,19ead6243e9f206c9a7705fe53a83e9652ed8cbb4d7ec99ac93532bb2510185c,11,online,yes,no,45-59,Male,yes,Don’t know,Probably no,"No, never",very true,untrue,2,left,left,neutral,true,sh,4,0
"48c97783d18cb7e3beaba11b9e7178a1479b47cca6bdce23ab790cd345ff7e6b Mozilla/5.0 (Windows NT 10.0; Win64; x64) AppleWebKit/537.36 (KHTML, like Gecko) Chrome/87.0.4280.141 Safari/537.36",909296a7-a1d1-4414-956f-c670399fc9e6,08ff307e6d5d21d350fe794ad83f8dcfc4222419bb8287f613d5b1f7b039e82e,11,19ead6243e9f206c9a7705fe53a83e9652ed8cbb4d7ec99ac93532bb2510185c,11,online,yes,no,45-59,Male,yes,Don’t know,Probably no,"No, never",very true,untrue,3,left,left,erotic,true,sh,4,0
"ebba85752416a042b3ecf007c01c43a56612bba8f49147fd45bb754436488584 Mozilla/5.0 (Windows NT 10.0; Win64; x64) AppleWebKit/537.36 (KHTML, like Gecko) Chrome/87.0.4280.141 Safari/537.36",909296a7-a1d1-4414-956f-c670399fc9e6,08ff307e6d5d21d350fe794ad83f8dcfc4222419bb8287f613d5b1f7b039e82e,11,19ead6243e9f206c9a7705fe53a83e9652ed8cbb4d7ec99ac93532bb2510185c,11,online,yes,no,45-59,Male,yes,Don’t know,Probably no,"No, never",very true,untrue,4,right,right,erotic,true,t,4,0
"dd9b263e7a331b23473d4b70c50b863033b21cf909fddd87497962826e2ec31b Mozilla/5.0 (Windows NT 10.0; Win64; x64) AppleWebKit/537.36 (KHTML, like Gecko) Chrome/87.0.4280.141 Safari/537.36",909296a7-a1d1-4414-956f-c670399fc9e6,08ff307e6d5d21d350fe794ad83f8dcfc4222419bb8287f613d5b1f7b039e82e,11,19ead6243e9f206c9a7705fe53a83e9652ed8cbb4d7ec99ac93532bb2510185c,11,online,yes,no,45-59,Male,yes,Don’t know,Probably no,"No, never",very true,untrue,5,right,left,neutral,false,sh,4,0
"dc399cd2c0deba0ccf8d4177675abb3aa32d051c24d3cf03e9e2ac256f67640c Mozilla/5.0 (Windows NT 10.0; Win64; x64) AppleWebKit/537.36 (KHTML, like Gecko) Chrome/87.0.4280.141 Safari/537.36",909296a7-a1d1-4414-956f-c670399fc9e6,08ff307e6d5d21d350fe794ad83f8dcfc4222419bb8287f613d5b1f7b039e82e,11,19ead6243e9f206c9a7705fe53a83e9652ed8cbb4d7ec99ac93532bb2510185c,11,online,yes,no,45-59,Male,yes,Don’t know,Probably no,"No, never",very true,untrue,6,left,right,neutral,false,t,4,0
"ca2d12d0464207d0adbd99f4021fc2ecfbafeaf69698ae66fa89728e38a18bbd Mozilla/5.0 (Windows NT 6.1; Win64; x64) AppleWebKit/537.36 (KHTML, like Gecko) Chrome/87.0.4280.141 Safari/537.36 Edg/87.0.664.75",e85f740f-10eb-47e9-8834-9e0647ea2669,60ebda8d7c2a468911061ac54b777ac1bbc6a96db422afd3e0c630eca82d5574,12,ac7b8cd1d60ddda8655187a1669b3dee9163863c55064de0bced8eb4e489a9d2,12,online,yes,no,30-44,Female,yes,Don’t know,Don't know,"No, never",untrue,true,1,left,left,erotic,true,t,1,0
"ca31073a2755989b720d8dc4e560e449bf4ae48861c3af6eb748be363728fdc8 Mozilla/5.0 (Windows NT 10.0; Win64; x64) AppleWebKit/537.36 (KHTML, like Gecko) Chrome/87.0.4280.141 Safari/537.36",909296a7-a1d1-4414-956f-c670399fc9e6,08ff307e6d5d21d350fe794ad83f8dcfc4222419bb8287f613d5b1f7b039e82e,11,19ead6243e9f206c9a7705fe53a83e9652ed8cbb4d7ec99ac93532bb2510185c,11,online,yes,no,45-59,Male,yes,Don’t know,Probably no,"No, never",very true,untrue,7,right,right,erotic,true,t,4,0
"46404f48e1bd7c3ba4da60d8f1df8540ae502bf8922eb14d4f4980158d0ced69 Mozilla/5.0 (Windows NT 10.0; Win64; x64) AppleWebKit/537.36 (KHTML, like Gecko) Chrome/87.0.4280.141 Safari/537.36",909296a7-a1d1-4414-956f-c670399fc9e6,08ff307e6d5d21d350fe794ad83f8dcfc4222419bb8287f613d5b1f7b039e82e,11,19ead6243e9f206c9a7705fe53a83e9652ed8cbb4d7ec99ac93532bb2510185c,11,online,yes,no,45-59,Male,yes,Don’t know,Probably no,"No, never",very true,untrue,8,right,right,neutral,true,sh,4,0
"46404f48e1bd7c3ba4da60d8f1df8540ae502bf8922eb14d4f4980158d0ced69 Mozilla/5.0 (Windows NT 6.1; Win64; x64) AppleWebKit/537.36 (KHTML, like Gecko) Chrome/87.0.4280.141 Safari/537.36 Edg/87.0.664.75",e85f740f-10eb-47e9-8834-9e0647ea2669,60ebda8d7c2a468911061ac54b777ac1bbc6a96db422afd3e0c630eca82d5574,12,ac7b8cd1d60ddda8655187a1669b3dee9163863c55064de0bced8eb4e489a9d2,12,online,yes,no,30-44,Female,yes,Don’t know,Don't know,"No, never",untrue,true,2,left,right,neutral,false,t,1,0
"5bb9f256c4c560d69368788da7df3d3402403ce992777713d650df31fe2b1ecb Mozilla/5.0 (Windows NT 10.0; Win64; x64) AppleWebKit/537.36 (KHTML, like Gecko) Chrome/87.0.4280.141 Safari/537.36",3b8487b6-0ba7-43d0-85a5-b01c50ff2c6d,08ff307e6d5d21d350fe794ad83f8dcfc4222419bb8287f613d5b1f7b039e82e,11,19ead6243e9f206c9a7705fe53a83e9652ed8cbb4d7ec99ac93532bb2510185c,11,online,yes,no,18-29,Male,yes,Don’t know,Don't know,Occasionally,NA,NA,NA,NA,NA,NA,NA,NA,4,0
"0081d8526d58961780490a70e52405c69a177b02962202b8000b58d101d8ffe1 Mozilla/5.0 (Windows NT 10.0; Win64; x64) AppleWebKit/537.36 (KHTML, like Gecko) Chrome/87.0.4280.141 Safari/537.36",909296a7-a1d1-4414-956f-c670399fc9e6,08ff307e6d5d21d350fe794ad83f8dcfc4222419bb8287f613d5b1f7b039e82e,11,19ead6243e9f206c9a7705fe53a83e9652ed8cbb4d7ec99ac93532bb2510185c,11,online,yes,no,45-59,Male,yes,Don’t know,Probably no,"No, never",very true,untrue,9,right,right,neutral,true,t,4,0
"027437bd2439621a8393fcd9860b2f03d94ce7ba53b66f4195dbfa55135c186f Mozilla/5.0 (Windows NT 10.0; Win64; x64) AppleWebKit/537.36 (KHTML, like Gecko) Chrome/87.0.4280.141 Safari/537.36",909296a7-a1d1-4414-956f-c670399fc9e6,08ff307e6d5d21d350fe794ad83f8dcfc4222419bb8287f613d5b1f7b039e82e,11,19ead6243e9f206c9a7705fe53a83e9652ed8cbb4d7ec99ac93532bb2510185c,11,online,yes,no,45-59,Male,yes,Don’t know,Probably no,"No, never",very true,untrue,10,left,left,erotic,true,sh,4,0
"561fa432814f383e07e577382f1ad9fcb1983b591584c9f4f986a1d6f2a3acda Mozilla/5.0 (Windows NT 6.1; Win64; x64) AppleWebKit/537.36 (KHTML, like Gecko) Chrome/87.0.4280.141 Safari/537.36 Edg/87.0.664.75",e85f740f-10eb-47e9-8834-9e0647ea2669,60ebda8d7c2a468911061ac54b777ac1bbc6a96db422afd3e0c630eca82d5574,12,ac7b8cd1d60ddda8655187a1669b3dee9163863c55064de0bced8eb4e489a9d2,12,online,yes,no,30-44,Female,yes,Don’t know,Don't know,"No, never",untrue,true,3,left,right,neutral,false,t,1,0
"7a5e642008293fcb5a9f0d320eee67cfe6af0a015f8daa98612158f2735ae7e9 Mozilla/5.0 (Windows NT 10.0; Win64; x64) AppleWebKit/537.36 (KHTML, like Gecko) Chrome/87.0.4280.141 Safari/537.36",909296a7-a1d1-4414-956f-c670399fc9e6,08ff307e6d5d21d350fe794ad83f8dcfc4222419bb8287f613d5b1f7b039e82e,11,19ead6243e9f206c9a7705fe53a83e9652ed8cbb4d7ec99ac93532bb2510185c,11,online,yes,no,45-59,Male,yes,Don’t know,Probably no,"No, never",very true,untrue,11,left,left,neutral,true,t,4,0
"7a5e642008293fcb5a9f0d320eee67cfe6af0a015f8daa98612158f2735ae7e9 Mozilla/5.0 (Windows NT 10.0; Win64; x64) AppleWebKit/537.36 (KHTML, like Gecko) Chrome/87.0.4280.141 Safari/537.36",3b8487b6-0ba7-43d0-85a5-b01c50ff2c6d,08ff307e6d5d21d350fe794ad83f8dcfc4222419bb8287f613d5b1f7b039e82e,11,19ead6243e9f206c9a7705fe53a83e9652ed8cbb4d7ec99ac93532bb2510185c,11,online,yes,no,18-29,Male,yes,Don’t know,Don't know,Occasionally,between true and untrue,between true and untrue,NA,NA,NA,NA,NA,NA,4,0
c00a01c58afc24ad45f49f92eb2cf94b223575ef0ae93704dbed210aa505a089 Mozilla/5.0 (Windows NT 10.0; Win64; x64; rv:84.0) Gecko/20100101 Firefox/84.0,7324ce64-8ed4-4f35-8d20-1cc07f237632,08ff307e6d5d21d350fe794ad83f8dcfc4222419bb8287f613d5b1f7b039e82e,11,19ead6243e9f206c9a7705fe53a83e9652ed8cbb4d7ec99ac93532bb2510185c,11,online,yes,no,45-59,Male,yes,Probably does not,Definitely no,"No, never",untrue,between true and untrue,1,right,left,erotic,false,t,4,0
"89adfd14a243c8f2b8f1b805ad8025b7ffe98528dccbeeb72e5554140d9c8a8a Mozilla/5.0 (Windows NT 6.1; Win64; x64) AppleWebKit/537.36 (KHTML, like Gecko) Chrome/87.0.4280.141 Safari/537.36 Edg/87.0.664.75",e85f740f-10eb-47e9-8834-9e0647ea2669,60ebda8d7c2a468911061ac54b777ac1bbc6a96db422afd3e0c630eca82d5574,12,ac7b8cd1d60ddda8655187a1669b3dee9163863c55064de0bced8eb4e489a9d2,12,online,yes,no,30-44,Female,yes,Don’t know,Don't know,"No, never",untrue,true,4,right,right,neutral,true,t,1,0
"6275fb94089830b36999f8cb26d58e3cef259bb14ccf3df1320e7db19660a6dd Mozilla/5.0 (Windows NT 10.0; Win64; x64) AppleWebKit/537.36 (KHTML, like Gecko) Chrome/87.0.4280.141 Safari/537.36",909296a7-a1d1-4414-956f-c670399fc9e6,08ff307e6d5d21d350fe794ad83f8dcfc4222419bb8287f613d5b1f7b039e82e,11,19ead6243e9f206c9a7705fe53a83e9652ed8cbb4d7ec99ac93532bb2510185c,11,online,yes,no,45-59,Male,yes,Don’t know,Probably no,"No, never",very true,untrue,12,right,right,erotic,true,t,4,0
"cb1fbd84fafaf5faa8260ecaa74435e2cd2f65ceb456a9b36f0f499c5224abc8 Mozilla/5.0 (Windows NT 10.0; Win64; x64) AppleWebKit/537.36 (KHTML, like Gecko) Chrome/87.0.4280.141 Safari/537.36",909296a7-a1d1-4414-956f-c670399fc9e6,08ff307e6d5d21d350fe794ad83f8dcfc4222419bb8287f613d5b1f7b039e82e,11,19ead6243e9f206c9a7705fe53a83e9652ed8cbb4d7ec99ac93532bb2510185c,11,online,yes,no,45-59,Male,yes,Don’t know,Probably no,"No, never",very true,untrue,13,left,left,neutral,true,t,4,0
6275fb94089830b36999f8cb26d58e3cef259bb14ccf3df1320e7db19660a6dd Mozilla/5.0 (Windows NT 10.0; Win64; x64; rv:84.0) Gecko/20100101 Firefox/84.0,7324ce64-8ed4-4f35-8d20-1cc07f237632,08ff307e6d5d21d350fe794ad83f8dcfc4222419bb8287f613d5b1f7b039e82e,11,19ead6243e9f206c9a7705fe53a83e9652ed8cbb4d7ec99ac93532bb2510185c,11,online,yes,no,45-59,Male,yes,Probably does not,Definitely no,"No, never",untrue,between true and untrue,2,right,left,neutral,false,sh,4,0
"ed88d799b32debc8def7d915a61a5ee6c7bb31008448755f14aae6ae240dc02b Mozilla/5.0 (Windows NT 6.1; Win64; x64) AppleWebKit/537.36 (KHTML, like Gecko) Chrome/87.0.4280.141 Safari/537.36 Edg/87.0.664.75",e85f740f-10eb-47e9-8834-9e0647ea2669,60ebda8d7c2a468911061ac54b777ac1bbc6a96db422afd3e0c630eca82d5574,12,ac7b8cd1d60ddda8655187a1669b3dee9163863c55064de0bced8eb4e489a9d2,12,online,yes,no,30-44,Female,yes,Don’t know,Don't know,"No, never",untrue,true,5,right,left,neutral,false,t,1,0
"392c65ddb76c00daf67d4a50d0d6c2432f41ad1042245ae8b1dd3619252e5054 Mozilla/5.0 (Windows NT 10.0; Win64; x64) AppleWebKit/537.36 (KHTML, like Gecko) Chrome/87.0.4280.141 Safari/537.36",909296a7-a1d1-4414-956f-c670399fc9e6,08ff307e6d5d21d350fe794ad83f8dcfc4222419bb8287f613d5b1f7b039e82e,11,19ead6243e9f206c9a7705fe53a83e9652ed8cbb4d7ec99ac93532bb2510185c,11,online,yes,no,45-59,Male,yes,Don’t know,Probably no,"No, never",very true,untrue,14,right,left,neutral,false,t,4,0
a6206fa17d3542365b116b3db32e94be15512d856aa9077b537dee5541e6d58c Mozilla/5.0 (Windows NT 10.0; Win64; x64; rv:84.0) Gecko/20100101 Firefox/84.0,7324ce64-8ed4-4f35-8d20-1cc07f237632,08ff307e6d5d21d350fe794ad83f8dcfc4222419bb8287f613d5b1f7b039e82e,11,19ead6243e9f206c9a7705fe53a83e9652ed8cbb4d7ec99ac93532bb2510185c,11,online,yes,no,45-59,Male,yes,Probably does not,Definitely no,"No, never",untrue,between true and untrue,3,right,right,erotic,true,t,4,0
"39bae06d939a09e911b125ba098a34612fce55558fd5fd364db17f23f426bffb Mozilla/5.0 (Windows NT 6.1; Win64; x64) AppleWebKit/537.36 (KHTML, like Gecko) Chrome/87.0.4280.141 Safari/537.36 Edg/87.0.664.75",e85f740f-10eb-47e9-8834-9e0647ea2669,60ebda8d7c2a468911061ac54b777ac1bbc6a96db422afd3e0c630eca82d5574,12,ac7b8cd1d60ddda8655187a1669b3dee9163863c55064de0bced8eb4e489a9d2,12,online,yes,no,30-44,Female,yes,Don’t know,Don't know,"No, never",untrue,true,6,right,right,erotic,true,t,1,0
39bae06d939a09e911b125ba098a34612fce55558fd5fd364db17f23f426bffb Mozilla/5.0 (Windows NT 10.0; Win64; x64; rv:84.0) Gecko/20100101 Firefox/84.0,7324ce64-8ed4-4f35-8d20-1cc07f237632,08ff307e6d5d21d350fe794ad83f8dcfc4222419bb8287f613d5b1f7b039e82e,11,19ead6243e9f206c9a7705fe53a83e9652ed8cbb4d7ec99ac93532bb2510185c,11,online,yes,no,45-59,Male,yes,Probably does not,Definitely no,"No, never",untrue,between true and untrue,4,right,left,neutral,false,sh,4,0
"0dac5d16ef6b2b45e161445c66d6f70dd8e876e6f93194c75147a0217096bf49 Mozilla/5.0 (Windows NT 10.0; Win64; x64) AppleWebKit/537.36 (KHTML, like Gecko) Chrome/87.0.4280.141 Safari/537.36",909296a7-a1d1-4414-956f-c670399fc9e6,08ff307e6d5d21d350fe794ad83f8dcfc4222419bb8287f613d5b1f7b039e82e,11,19ead6243e9f206c9a7705fe53a83e9652ed8cbb4d7ec99ac93532bb2510185c,11,online,yes,no,45-59,Male,yes,Don’t know,Probably no,"No, never",very true,untrue,15,right,right,erotic,true,t,4,0
0dac5d16ef6b2b45e161445c66d6f70dd8e876e6f93194c75147a0217096bf49 Mozilla/5.0 (Windows NT 10.0; Win64; x64; rv:84.0) Gecko/20100101 Firefox/84.0,7324ce64-8ed4-4f35-8d20-1cc07f237632,08ff307e6d5d21d350fe794ad83f8dcfc4222419bb8287f613d5b1f7b039e82e,11,19ead6243e9f206c9a7705fe53a83e9652ed8cbb4d7ec99ac93532bb2510185c,11,online,yes,no,45-59,Male,yes,Probably does not,Definitely no,"No, never",untrue,between true and untrue,5,left,right,erotic,false,sh,4,0
"d3a7e4c2ae4a17287151c03920ea0bb5a13ad0c73095870e7cd0e9606a7de3d8 Mozilla/5.0 (Windows NT 10.0; Win64; x64) AppleWebKit/537.36 (KHTML, like Gecko) Chrome/87.0.4280.141 Safari/537.36",909296a7-a1d1-4414-956f-c670399fc9e6,08ff307e6d5d21d350fe794ad83f8dcfc4222419bb8287f613d5b1f7b039e82e,11,19ead6243e9f206c9a7705fe53a83e9652ed8cbb4d7ec99ac93532bb2510185c,11,online,yes,no,45-59,Male,yes,Don’t know,Probably no,"No, never",very true,untrue,16,right,left,erotic,false,t,4,0
"bcb64a07afda3a3546e5b99c57239f2bf6742d5865db2f3cfecce72e8a979122 Mozilla/5.0 (Windows NT 6.1; Win64; x64) AppleWebKit/537.36 (KHTML, like Gecko) Chrome/87.0.4280.141 Safari/537.36 Edg/87.0.664.75",e85f740f-10eb-47e9-8834-9e0647ea2669,60ebda8d7c2a468911061ac54b777ac1bbc6a96db422afd3e0c630eca82d5574,12,ac7b8cd1d60ddda8655187a1669b3dee9163863c55064de0bced8eb4e489a9d2,12,online,yes,no,30-44,Female,yes,Don’t know,Don't know,"No, never",untrue,true,7,right,right,neutral,true,t,1,0
bcb64a07afda3a3546e5b99c57239f2bf6742d5865db2f3cfecce72e8a979122 Mozilla/5.0 (Windows NT 10.0; Win64; x64; rv:84.0) Gecko/20100101 Firefox/84.0,7324ce64-8ed4-4f35-8d20-1cc07f237632,08ff307e6d5d21d350fe794ad83f8dcfc4222419bb8287f613d5b1f7b039e82e,11,19ead6243e9f206c9a7705fe53a83e9652ed8cbb4d7ec99ac93532bb2510185c,11,online,yes,no,45-59,Male,yes,Probably does not,Definitely no,"No, never",untrue,between true and untrue,6,right,left,neutral,false,sh,4,0
"cdae138f05ceed1633509132d567adaa03a0d8c989f5f376c544814b03b9eb87 Mozilla/5.0 (Windows NT 10.0; Win64; x64) AppleWebKit/537.36 (KHTML, like Gecko) Chrome/87.0.4280.141 Safari/537.36",909296a7-a1d1-4414-956f-c670399fc9e6,08ff307e6d5d21d350fe794ad83f8dcfc4222419bb8287f613d5b1f7b039e82e,11,19ead6243e9f206c9a7705fe53a83e9652ed8cbb4d7ec99ac93532bb2510185c,11,online,yes,no,45-59,Male,yes,Don’t know,Probably no,"No, never",very true,untrue,17,right,left,erotic,false,sh,4,0
70d519fdd12427671f5644a3b8542055984b5d2608c50a99c6f8644295f71935 Mozilla/5.0 (Windows NT 10.0; Win64; x64; rv:84.0) Gecko/20100101 Firefox/84.0,7324ce64-8ed4-4f35-8d20-1cc07f237632,08ff307e6d5d21d350fe794ad83f8dcfc4222419bb8287f613d5b1f7b039e82e,11,19ead6243e9f206c9a7705fe53a83e9652ed8cbb4d7ec99ac93532bb2510185c,11,online,yes,no,45-59,Male,yes,Probably does not,Definitely no,"No, never",untrue,between true and untrue,7,right,left,erotic,false,t,4,0
"3d2abb7bf4200e908ba1b7cd45aa994ffa162d64d8691e2911fc9ba36a2bfb1f Mozilla/5.0 (Windows NT 6.1; Win64; x64) AppleWebKit/537.36 (KHTML, like Gecko) Chrome/87.0.4280.141 Safari/537.36 Edg/87.0.664.75",e85f740f-10eb-47e9-8834-9e0647ea2669,60ebda8d7c2a468911061ac54b777ac1bbc6a96db422afd3e0c630eca82d5574,12,ac7b8cd1d60ddda8655187a1669b3dee9163863c55064de0bced8eb4e489a9d2,12,online,yes,no,30-44,Female,yes,Don’t know,Don't know,"No, never",untrue,true,8,left,left,erotic,true,t,1,0
"df67cae737621238a63b82c6b1ffca14309aa6b0926ca5ad683708973373d732 Mozilla/5.0 (Windows NT 10.0; Win64; x64) AppleWebKit/537.36 (KHTML, like Gecko) Chrome/87.0.4280.141 Safari/537.36",909296a7-a1d1-4414-956f-c670399fc9e6,08ff307e6d5d21d350fe794ad83f8dcfc4222419bb8287f613d5b1f7b039e82e,11,19ead6243e9f206c9a7705fe53a83e9652ed8cbb4d7ec99ac93532bb2510185c,11,online,yes,no,45-59,Male,yes,Don’t know,Probably no,"No, never",very true,untrue,18,right,left,erotic,false,sh,4,0
df67cae737621238a63b82c6b1ffca14309aa6b0926ca5ad683708973373d732 Mozilla/5.0 (Windows NT 10.0; Win64; x64; rv:84.0) Gecko/20100101 Firefox/84.0,7324ce64-8ed4-4f35-8d20-1cc07f237632,08ff307e6d5d21d350fe794ad83f8dcfc4222419bb8287f613d5b1f7b039e82e,11,19ead6243e9f206c9a7705fe53a83e9652ed8cbb4d7ec99ac93532bb2510185c,11,online,yes,no,45-59,Male,yes,Probably does not,Definitely no,"No, never",untrue,between true and untrue,8,left,left,neutral,true,sh,4,0
"6756dac7866e5f8ff85f8024f730f977c05c0127f899a9cde22781d37e66159a Mozilla/5.0 (Windows NT 6.1; Win64; x64) AppleWebKit/537.36 (KHTML, like Gecko) Chrome/87.0.4280.141 Safari/537.36 Edg/87.0.664.75",e85f740f-10eb-47e9-8834-9e0647ea2669,60ebda8d7c2a468911061ac54b777ac1bbc6a96db422afd3e0c630eca82d5574,12,ac7b8cd1d60ddda8655187a1669b3dee9163863c55064de0bced8eb4e489a9d2,12,online,yes,no,30-44,Female,yes,Don’t know,Don't know,"No, never",untrue,true,9,left,right,erotic,false,t,1,0
"fd569de272e9e2ebaea6246b60b824df78fb5d4c963825e88c4c08f2bfa76092 Mozilla/5.0 (Windows NT 10.0; Win64; x64) AppleWebKit/537.36 (KHTML, like Gecko) Chrome/87.0.4280.141 Safari/537.36",909296a7-a1d1-4414-956f-c670399fc9e6,08ff307e6d5d21d350fe794ad83f8dcfc4222419bb8287f613d5b1f7b039e82e,11,19ead6243e9f206c9a7705fe53a83e9652ed8cbb4d7ec99ac93532bb2510185c,11,online,yes,no,45-59,Male,yes,Don’t know,Probably no,"No, never",very true,untrue,19,right,left,erotic,false,sh,4,0
b3ad5a6126e012840a14d7313c173d21b8a61c5681c563a82bdae3420ba2b8fb Mozilla/5.0 (Windows NT 10.0; Win64; x64; rv:84.0) Gecko/20100101 Firefox/84.0,7324ce64-8ed4-4f35-8d20-1cc07f237632,08ff307e6d5d21d350fe794ad83f8dcfc4222419bb8287f613d5b1f7b039e82e,11,19ead6243e9f206c9a7705fe53a83e9652ed8cbb4d7ec99ac93532bb2510185c,11,online,yes,no,45-59,Male,yes,Probably does not,Definitely no,"No, never",untrue,between true and untrue,9,left,right,neutral,false,sh,4,0
"7789bc11e8bb61a1b2197feb795a34b6ed141cac7ca6fcfdb01311bd287371a4 Mozilla/5.0 (Windows NT 10.0; Win64; x64) AppleWebKit/537.36 (KHTML, like Gecko) Chrome/87.0.4280.141 Safari/537.36",909296a7-a1d1-4414-956f-c670399fc9e6,08ff307e6d5d21d350fe794ad83f8dcfc4222419bb8287f613d5b1f7b039e82e,11,19ead6243e9f206c9a7705fe53a83e9652ed8cbb4d7ec99ac93532bb2510185c,11,online,yes,no,45-59,Male,yes,Don’t know,Probably no,"No, never",very true,untrue,20,right,right,erotic,true,sh,4,0
a89d007867685e5273a30f2b1fe85b303c6e8805effb82941f63851b4cb68175 Mozilla/5.0 (Windows NT 10.0; Win64; x64; rv:84.0) Gecko/20100101 Firefox/84.0,7324ce64-8ed4-4f35-8d20-1cc07f237632,08ff307e6d5d21d350fe794ad83f8dcfc4222419bb8287f613d5b1f7b039e82e,11,19ead6243e9f206c9a7705fe53a83e9652ed8cbb4d7ec99ac93532bb2510185c,11,online,yes,no,45-59,Male,yes,Probably does not,Definitely no,"No, never",untrue,between true and untrue,10,left,right,neutral,false,t,4,0
"f3f0031581800d30031afed7860efc1d913d4ba4a94d32e8b0cd5b0e7e904ae1 Mozilla/5.0 (Windows NT 6.1; Win64; x64) AppleWebKit/537.36 (KHTML, like Gecko) Chrome/87.0.4280.141 Safari/537.36 Edg/87.0.664.75",e85f740f-10eb-47e9-8834-9e0647ea2669,60ebda8d7c2a468911061ac54b777ac1bbc6a96db422afd3e0c630eca82d5574,12,ac7b8cd1d60ddda8655187a1669b3dee9163863c55064de0bced8eb4e489a9d2,12,online,yes,no,30-44,Female,yes,Don’t know,Don't know,"No, never",untrue,true,10,left,left,erotic,true,t,1,0
"cd93b8a1159635519e33924b933a63a0305b2295557bd0952eeb84b2e7c3ac6d Mozilla/5.0 (Windows NT 10.0; Win64; x64) AppleWebKit/537.36 (KHTML, like Gecko) Chrome/87.0.4280.141 Safari/537.36",909296a7-a1d1-4414-956f-c670399fc9e6,08ff307e6d5d21d350fe794ad83f8dcfc4222419bb8287f613d5b1f7b039e82e,11,19ead6243e9f206c9a7705fe53a83e9652ed8cbb4d7ec99ac93532bb2510185c,11,online,yes,no,45-59,Male,yes,Don’t know,Probably no,"No, never",very true,untrue,21,left,left,neutral,true,sh,4,0
ab1a03d628278c2895e2f7c451dc1466a63d0999061e3d93d5b96b2c388a121e Mozilla/5.0 (Windows NT 10.0; Win64; x64; rv:84.0) Gecko/20100101 Firefox/84.0,7324ce64-8ed4-4f35-8d20-1cc07f237632,08ff307e6d5d21d350fe794ad83f8dcfc4222419bb8287f613d5b1f7b039e82e,11,19ead6243e9f206c9a7705fe53a83e9652ed8cbb4d7ec99ac93532bb2510185c,11,online,yes,no,45-59,Male,yes,Probably does not,Definitely no,"No, never",untrue,between true and untrue,11,left,left,erotic,true,sh,4,0
"9c0a37e6a03b57b9be76f25ce76dcdeab2c9fc56b95ed24e5e4180d15b0ef41c Mozilla/5.0 (Windows NT 6.1; Win64; x64) AppleWebKit/537.36 (KHTML, like Gecko) Chrome/87.0.4280.141 Safari/537.36 Edg/87.0.664.75",e85f740f-10eb-47e9-8834-9e0647ea2669,60ebda8d7c2a468911061ac54b777ac1bbc6a96db422afd3e0c630eca82d5574,12,ac7b8cd1d60ddda8655187a1669b3dee9163863c55064de0bced8eb4e489a9d2,12,online,yes,no,30-44,Female,yes,Don’t know,Don't know,"No, never",untrue,true,11,right,right,neutral,true,t,1,0
"2b78a6fa14dd27feb2d4f12c8817afd2ccba06b2d0cfda48aa7eb47ea25c75d1 Mozilla/5.0 (Windows NT 10.0; Win64; x64) AppleWebKit/537.36 (KHTML, like Gecko) Chrome/87.0.4280.141 Safari/537.36",909296a7-a1d1-4414-956f-c670399fc9e6,08ff307e6d5d21d350fe794ad83f8dcfc4222419bb8287f613d5b1f7b039e82e,11,19ead6243e9f206c9a7705fe53a83e9652ed8cbb4d7ec99ac93532bb2510185c,11,online,yes,no,45-59,Male,yes,Don’t know,Probably no,"No, never",very true,untrue,22,left,right,erotic,false,t,4,0
ab00d390a772beae95ceae88cc343d6c17c58a85b9fb7b05f7f93a055449fb36 Mozilla/5.0 (Windows NT 10.0; Win64; x64; rv:84.0) Gecko/20100101 Firefox/84.0,7324ce64-8ed4-4f35-8d20-1cc07f237632,08ff307e6d5d21d350fe794ad83f8dcfc4222419bb8287f613d5b1f7b039e82e,11,19ead6243e9f206c9a7705fe53a83e9652ed8cbb4d7ec99ac93532bb2510185c,11,online,yes,no,45-59,Male,yes,Probably does not,Definitely no,"No, never",untrue,between true and untrue,12,right,left,erotic,false,sh,4,0
"2d1217b8be54e92964d89c02d048aabc6af7db2d33d9036b97a2fd05241165a4 Mozilla/5.0 (Windows NT 10.0; Win64; x64) AppleWebKit/537.36 (KHTML, like Gecko) Chrome/87.0.4280.141 Safari/537.36",909296a7-a1d1-4414-956f-c670399fc9e6,08ff307e6d5d21d350fe794ad83f8dcfc4222419bb8287f613d5b1f7b039e82e,11,19ead6243e9f206c9a7705fe53a83e9652ed8cbb4d7ec99ac93532bb2510185c,11,online,yes,no,45-59,Male,yes,Don’t know,Probably no,"No, never",very true,untrue,23,left,left,erotic,true,sh,4,0
"126e650c4eaab8586f33c57afe424cf965a288451ad708add5fc68b6e2990855 Mozilla/5.0 (Windows NT 6.1; Win64; x64) AppleWebKit/537.36 (KHTML, like Gecko) Chrome/87.0.4280.141 Safari/537.36 Edg/87.0.664.75",e85f740f-10eb-47e9-8834-9e0647ea2669,60ebda8d7c2a468911061ac54b777ac1bbc6a96db422afd3e0c630eca82d5574,12,ac7b8cd1d60ddda8655187a1669b3dee9163863c55064de0bced8eb4e489a9d2,12,online,yes,no,30-44,Female,yes,Don’t know,Don't know,"No, never",untrue,true,12,right,right,erotic,true,t,1,0
2d1217b8be54e92964d89c02d048aabc6af7db2d33d9036b97a2fd05241165a4 Mozilla/5.0 (Windows NT 10.0; Win64; x64; rv:84.0) Gecko/20100101 Firefox/84.0,7324ce64-8ed4-4f35-8d20-1cc07f237632,08ff307e6d5d21d350fe794ad83f8dcfc4222419bb8287f613d5b1f7b039e82e,11,19ead6243e9f206c9a7705fe53a83e9652ed8cbb4d7ec99ac93532bb2510185c,11,online,yes,no,45-59,Male,yes,Probably does not,Definitely no,"No, never",untrue,between true and untrue,13,left,right,erotic,false,sh,4,0
"3258e1b2290a3da9cd8d23dd9be3c4d317e3cd1989c86f35c0b42e23212cb171 Mozilla/5.0 (Windows NT 10.0; Win64; x64) AppleWebKit/537.36 (KHTML, like Gecko) Chrome/87.0.4280.141 Safari/537.36",909296a7-a1d1-4414-956f-c670399fc9e6,08ff307e6d5d21d350fe794ad83f8dcfc4222419bb8287f613d5b1f7b039e82e,11,19ead6243e9f206c9a7705fe53a83e9652ed8cbb4d7ec99ac93532bb2510185c,11,online,yes,no,45-59,Male,yes,Don’t know,Probably no,"No, never",very true,untrue,24,right,left,erotic,false,sh,4,0
3258e1b2290a3da9cd8d23dd9be3c4d317e3cd1989c86f35c0b42e23212cb171 Mozilla/5.0 (Windows NT 10.0; Win64; x64; rv:84.0) Gecko/20100101 Firefox/84.0,7324ce64-8ed4-4f35-8d20-1cc07f237632,08ff307e6d5d21d350fe794ad83f8dcfc4222419bb8287f613d5b1f7b039e82e,11,19ead6243e9f206c9a7705fe53a83e9652ed8cbb4d7ec99ac93532bb2510185c,11,online,yes,no,45-59,Male,yes,Probably does not,Definitely no,"No, never",untrue,between true and untrue,14,left,right,erotic,false,sh,4,0
"39aa7d53ba4b6f2c94daebcd8a767ff9e874aa4eafdc6adc3042e36562342637 Mozilla/5.0 (Windows NT 6.1; Win64; x64) AppleWebKit/537.36 (KHTML, like Gecko) Chrome/87.0.4280.141 Safari/537.36 Edg/87.0.664.75",e85f740f-10eb-47e9-8834-9e0647ea2669,60ebda8d7c2a468911061ac54b777ac1bbc6a96db422afd3e0c630eca82d5574,12,ac7b8cd1d60ddda8655187a1669b3dee9163863c55064de0bced8eb4e489a9d2,12,online,yes,no,30-44,Female,yes,Don’t know,Don't know,"No, never",untrue,true,13,right,right,erotic,true,t,1,0
"26fc5b9eb5c648e6b809a372f71937d309ba5f4d294e0c83c6fe6221c94d82bc Mozilla/5.0 (Windows NT 10.0; Win64; x64) AppleWebKit/537.36 (KHTML, like Gecko) Chrome/87.0.4280.141 Safari/537.36",909296a7-a1d1-4414-956f-c670399fc9e6,08ff307e6d5d21d350fe794ad83f8dcfc4222419bb8287f613d5b1f7b039e82e,11,19ead6243e9f206c9a7705fe53a83e9652ed8cbb4d7ec99ac93532bb2510185c,11,online,yes,no,45-59,Male,yes,Don’t know,Probably no,"No, never",very true,untrue,25,left,right,erotic,false,sh,4,0
9c7dfef35c9ad70763a994717b77f026bf3f13acacc2512e476d47e788856a66 Mozilla/5.0 (Windows NT 10.0; Win64; x64; rv:84.0) Gecko/20100101 Firefox/84.0,7324ce64-8ed4-4f35-8d20-1cc07f237632,08ff307e6d5d21d350fe794ad83f8dcfc4222419bb8287f613d5b1f7b039e82e,11,19ead6243e9f206c9a7705fe53a83e9652ed8cbb4d7ec99ac93532bb2510185c,11,online,yes,no,45-59,Male,yes,Probably does not,Definitely no,"No, never",untrue,between true and untrue,15,left,right,neutral,false,t,4,0
"b5c45d4936d589fc3133562c74c3f7f19decc47ea39f364d36a87fcc6a8a1d2a Mozilla/5.0 (Macintosh; Intel Mac OS X 10_15_6) AppleWebKit/605.1.15 (KHTML, like Gecko) Version/14.0.2 Safari/605.1.15",f7a27b17-6eb7-4075-987c-863f29655d97,60ebda8d7c2a468911061ac54b777ac1bbc6a96db422afd3e0c630eca82d5574,12,ac7b8cd1d60ddda8655187a1669b3dee9163863c55064de0bced8eb4e489a9d2,12,online,NA,NA,NA,NA,NA,NA,NA,NA,NA,NA,NA,NA,NA,NA,NA,NA,1,0
"fff496c9b532798faeb3fb0ecfae27c7b14fb1aad4f95d5082613997395d08de Mozilla/5.0 (Windows NT 6.1; Win64; x64) AppleWebKit/537.36 (KHTML, like Gecko) Chrome/87.0.4280.141 Safari/537.36 Edg/87.0.664.75",e85f740f-10eb-47e9-8834-9e0647ea2669,60ebda8d7c2a468911061ac54b777ac1bbc6a96db422afd3e0c630eca82d5574,12,ac7b8cd1d60ddda8655187a1669b3dee9163863c55064de0bced8eb4e489a9d2,12,online,yes,no,30-44,Female,yes,Don’t know,Don't know,"No, never",untrue,true,14,left,left,erotic,true,t,1,0
fff496c9b532798faeb3fb0ecfae27c7b14fb1aad4f95d5082613997395d08de Mozilla/5.0 (Windows NT 10.0; Win64; x64; rv:84.0) Gecko/20100101 Firefox/84.0,7324ce64-8ed4-4f35-8d20-1cc07f237632,08ff307e6d5d21d350fe794ad83f8dcfc4222419bb8287f613d5b1f7b039e82e,11,19ead6243e9f206c9a7705fe53a83e9652ed8cbb4d7ec99ac93532bb2510185c,11,online,yes,no,45-59,Male,yes,Probably does not,Definitely no,"No, never",untrue,between true and untrue,16,left,right,neutral,false,t,4,0
"d65959921f2c15f1757353629118742cbf28787a426fdeb7b1df7a1bcb3ac704 Mozilla/5.0 (Windows NT 10.0; Win64; x64) AppleWebKit/537.36 (KHTML, like Gecko) Chrome/87.0.4280.141 Safari/537.36",909296a7-a1d1-4414-956f-c670399fc9e6,08ff307e6d5d21d350fe794ad83f8dcfc4222419bb8287f613d5b1f7b039e82e,11,19ead6243e9f206c9a7705fe53a83e9652ed8cbb4d7ec99ac93532bb2510185c,11,online,yes,no,45-59,Male,yes,Don’t know,Probably no,"No, never",very true,untrue,26,left,left,neutral,true,sh,4,0
"57e6cac01c7273f79ce59909ef3ed8dbf72b5f0bd622416e7c16b151f13791de Mozilla/5.0 (Windows NT 10.0; Win64; x64) AppleWebKit/537.36 (KHTML, like Gecko) Chrome/87.0.4280.141 Safari/537.36",909296a7-a1d1-4414-956f-c670399fc9e6,08ff307e6d5d21d350fe794ad83f8dcfc4222419bb8287f613d5b1f7b039e82e,11,19ead6243e9f206c9a7705fe53a83e9652ed8cbb4d7ec99ac93532bb2510185c,11,online,yes,no,45-59,Male,yes,Don’t know,Probably no,"No, never",very true,untrue,27,left,left,erotic,true,t,4,0
fb62c8ff3b906803ed343e0051c3a1dced7f11835ecb1433528035c20bd9bfe4 Mozilla/5.0 (Windows NT 10.0; Win64; x64; rv:84.0) Gecko/20100101 Firefox/84.0,7324ce64-8ed4-4f35-8d20-1cc07f237632,08ff307e6d5d21d350fe794ad83f8dcfc4222419bb8287f613d5b1f7b039e82e,11,19ead6243e9f206c9a7705fe53a83e9652ed8cbb4d7ec99ac93532bb2510185c,11,online,yes,no,45-59,Male,yes,Probably does not,Definitely no,"No, never",untrue,between true and untrue,17,left,right,erotic,false,t,4,0
